job,protocol,repeat,n_train,n_cal,n_test,family_multiplier,interval_methods,actions,alpha,checkpoint,cache_hit,status
gpt2_sst2,native_raw,0,12000,3000,3000,9,2,2,0.05,aistats2027_v3_outputs/experiment_checkpoints_v3/c6053e198490b000385180851ce77ad888ed4a00d6ff30168a5d3236162d9a6d,False,COMPLETED
gpt2_sst2,shared_raw,0,12000,3000,3000,9,2,2,0.05,aistats2027_v3_outputs/experiment_checkpoints_v3/174c094535afcf2b8f9ea4a59eb4f42be530daa0a94bdcef4f38470e34c230bc,False,COMPLETED
gpt2_sst2,shared_center,0,12000,3000,3000,9,2,2,0.05,aistats2027_v3_outputs/experiment_checkpoints_v3/b01e0e70256738c4d80dbb70617da938ce6514ef9a3d5449909f8a1b8db3a718,False,COMPLETED
gpt2_sst2,shared_rms,0,12000,3000,3000,9,2,2,0.05,aistats2027_v3_outputs/experiment_checkpoints_v3/10d854cd51c0876e5cf991524fe0803815d3d83ba37f3d069e09f24d55291632,False,COMPLETED
gpt2_sst2,shared_unit,0,12000,3000,3000,9,2,2,0.05,aistats2027_v3_outputs/experiment_checkpoints_v3/f1940d81bd6219a84ba8f5cc18c319efa62205c5d80a24110fe970656be415eb,False,COMPLETED
gpt2_sst2,shared_clip100,0,12000,3000,3000,9,2,2,0.05,aistats2027_v3_outputs/experiment_checkpoints_v3/6879953f896a4a4bcea5c67005e06f4b54f58a5015516568a597193f5838c9dd,False,COMPLETED
gpt2_sst2,shared_clip300,0,12000,3000,3000,9,2,2,0.05,aistats2027_v3_outputs/experiment_checkpoints_v3/42a2701e8f8273b757184e2efac48928d8c775e61dd12e34474d010a9d29d204,False,COMPLETED
gpt2_sst2,separate_naive,0,12000,3000,3000,9,2,2,0.05,aistats2027_v3_outputs/experiment_checkpoints_v3/1a4ecdf1af5468c3616f9d2befe9a32e91680a503d64c5f81a6809844cdf5899,False,COMPLETED
gpt2_sst2,separate_lift,0,12000,3000,3000,9,2,2,0.05,aistats2027_v3_outputs/experiment_checkpoints_v3/94969b202f388b4480e876a65e1f9a7fa5cda37fab7daa65cd6080ff7475208a,False,COMPLETED
gpt2_sst2,native_raw,1,12000,3000,3000,9,2,2,0.05,aistats2027_v3_outputs/experiment_checkpoints_v3/cc4de79b0eb0aacb61f07aa09ab8b095e3bc0694ffcf52f698e53cbff5a0f56c,False,COMPLETED
gpt2_sst2,shared_raw,1,12000,3000,3000,9,2,2,0.05,aistats2027_v3_outputs/experiment_checkpoints_v3/d55e6c0ef07c0ef5d8e3a9fd0387dde05bd4d5b11a0045ff9b85392c99cd472c,False,COMPLETED
gpt2_sst2,shared_center,1,12000,3000,3000,9,2,2,0.05,aistats2027_v3_outputs/experiment_checkpoints_v3/3e35c59bc091d929e68c22a79d79c8159fd6d9b0f33b9047219250f4ebd97562,False,COMPLETED
gpt2_sst2,shared_rms,1,12000,3000,3000,9,2,2,0.05,aistats2027_v3_outputs/experiment_checkpoints_v3/2d6c26a7c4a39d32fb7854ee40945d58c5de2373d5f87ed6b769188f1062d1cb,False,COMPLETED
gpt2_sst2,native_raw,2,12000,3000,3000,9,2,2,0.05,aistats2027_v3_outputs/experiment_checkpoints_v3/101ec92a003042fd4729ee095547287e64c53ce71be6a5aa90cc9d2e125dfa3b,False,COMPLETED
gpt2_sst2,shared_raw,2,12000,3000,3000,9,2,2,0.05,aistats2027_v3_outputs/experiment_checkpoints_v3/a0b7e4139f7d185aeabf2a4391c516b3337ba28f9be9e71450c70dbee94fbf56,False,COMPLETED
gpt2_sst2,shared_center,2,12000,3000,3000,9,2,2,0.05,aistats2027_v3_outputs/experiment_checkpoints_v3/26db3f7981921861ce9dc548e439c99556432b1f1f93cc2bf8613bd99eff9645,False,COMPLETED
gpt2_sst2,shared_rms,2,12000,3000,3000,9,2,2,0.05,aistats2027_v3_outputs/experiment_checkpoints_v3/88d743603caee49b44fb61550b1942990348060693465528164ff6f6e254780f,False,COMPLETED
gpt2_agnews,native_raw,0,12000,3000,3000,9,2,2,0.05,aistats2027_v3_outputs/experiment_checkpoints_v3/0104d3c3136f715a7fdc27e4c8f2c1b30e93218110ea16cd347c065b8cc9616a,False,COMPLETED
gpt2_agnews,shared_raw,0,12000,3000,3000,9,2,2,0.05,aistats2027_v3_outputs/experiment_checkpoints_v3/88fec2ef62e92e130aee109c36fd03e7d3f4cc625a30ff1c057599e7eb28ca81,False,COMPLETED
gpt2_agnews,shared_center,0,12000,3000,3000,9,2,2,0.05,aistats2027_v3_outputs/experiment_checkpoints_v3/1d52b46984c484fc52c1d76e8f5438d108c74a7974278cf6bb5f726317c6b334,False,COMPLETED
gpt2_agnews,shared_rms,0,12000,3000,3000,9,2,2,0.05,aistats2027_v3_outputs/experiment_checkpoints_v3/46c2159bff6f9488b199e6839f3914c2c42d1103c776760eb1792fd4fb9ac120,False,COMPLETED
gpt2_agnews,shared_unit,0,12000,3000,3000,9,2,2,0.05,aistats2027_v3_outputs/experiment_checkpoints_v3/c369d11136ee73dc518d3472d78f0cc9ec638100e90e62f63f323bb9ca8fb02a,False,COMPLETED
gpt2_agnews,shared_clip100,0,12000,3000,3000,9,2,2,0.05,aistats2027_v3_outputs/experiment_checkpoints_v3/1039b36510f01f8434d0c001ae39bfe35477d24efd13986469177b87172549a7,False,COMPLETED
gpt2_agnews,shared_clip300,0,12000,3000,3000,9,2,2,0.05,aistats2027_v3_outputs/experiment_checkpoints_v3/916c0d52b66cdbc6b7a49b8584af54fb958a1dc2338deabe518f43b2176c1d51,False,COMPLETED
gpt2_agnews,separate_naive,0,12000,3000,3000,9,2,2,0.05,aistats2027_v3_outputs/experiment_checkpoints_v3/ed692dbdd789699e7d098fb3225ce2ff349896d57ad8f377e4171f6f947a87c2,False,COMPLETED
gpt2_agnews,separate_lift,0,12000,3000,3000,9,2,2,0.05,aistats2027_v3_outputs/experiment_checkpoints_v3/7edcbebec1757353a12489f70100a7c183b1285a4de5b30b4e751e15eb087919,False,COMPLETED
gpt2_agnews,native_raw,1,12000,3000,3000,9,2,2,0.05,aistats2027_v3_outputs/experiment_checkpoints_v3/7d353c2d53c8b9ac32c9decedcd03959b28aaee48fa4be55ad68abdee6065937,False,COMPLETED
gpt2_agnews,shared_raw,1,12000,3000,3000,9,2,2,0.05,aistats2027_v3_outputs/experiment_checkpoints_v3/5fd7039cb740b2f597a617f823133cb19ec024733f2a6c68183f0635a77620a2,False,COMPLETED
gpt2_agnews,shared_center,1,12000,3000,3000,9,2,2,0.05,aistats2027_v3_outputs/experiment_checkpoints_v3/a1cddfd73b17c45250ad8832afaccd56dcc2a501814d88e814b3705ec6a6d886,False,COMPLETED
gpt2_agnews,shared_rms,1,12000,3000,3000,9,2,2,0.05,aistats2027_v3_outputs/experiment_checkpoints_v3/bc647270c4ec12304ce044e41280d1d494c6b631ffee51474a9cdba2a27925b2,False,COMPLETED
gpt2_agnews,native_raw,2,12000,3000,3000,9,2,2,0.05,aistats2027_v3_outputs/experiment_checkpoints_v3/efc93cf7b0f0343202f282d47f15b02d3392fc2f05301697e59e528a034b5194,False,COMPLETED
gpt2_agnews,shared_raw,2,12000,3000,3000,9,2,2,0.05,aistats2027_v3_outputs/experiment_checkpoints_v3/ae6ba25dc7f8e333ba5042d501ee3b79516d7da8c62fd15612ac898637b54095,False,COMPLETED
gpt2_agnews,shared_center,2,12000,3000,3000,9,2,2,0.05,aistats2027_v3_outputs/experiment_checkpoints_v3/9517fa5f680d27394eedb5b65fd3fb29d6a90db0020bcb0261e04c7ea37cffaf,False,COMPLETED
gpt2_agnews,shared_rms,2,12000,3000,3000,9,2,2,0.05,aistats2027_v3_outputs/experiment_checkpoints_v3/44cd469fc7009d5e6f3970e18c00a7fdfc81d844d50b8270ee0222478745b480,False,COMPLETED
gpt2_cola,native_raw,0,5000,1500,1500,9,2,2,0.05,aistats2027_v3_outputs/experiment_checkpoints_v3/f95dbcaa1be6c65fd9b8544754c87a90036171ff5f2e5bac3e19c7f827b13e21,False,COMPLETED
gpt2_cola,shared_raw,0,5000,1500,1500,9,2,2,0.05,aistats2027_v3_outputs/experiment_checkpoints_v3/9680f19da13c4c37aa6ebb038e34f6def50e1dad85d1f2fd8b31574078c3c60d,False,COMPLETED
gpt2_cola,shared_center,0,5000,1500,1500,9,2,2,0.05,aistats2027_v3_outputs/experiment_checkpoints_v3/d9d88e81f365136cb5c666e6b7aa8ff1bbca98c315e5498cf40c07e237be90e1,False,COMPLETED
gpt2_cola,shared_rms,0,5000,1500,1500,9,2,2,0.05,aistats2027_v3_outputs/experiment_checkpoints_v3/15e05f00e35c036b081cb26e3bd6334e06fcd5f0c900970b404c547361e808e4,False,COMPLETED
gpt2_cola,shared_unit,0,5000,1500,1500,9,2,2,0.05,aistats2027_v3_outputs/experiment_checkpoints_v3/7a5e3b45b686e2f20d8e6b33e1622342cc813c67cd94133294724e006612b1cb,False,COMPLETED
gpt2_cola,shared_clip100,0,5000,1500,1500,9,2,2,0.05,aistats2027_v3_outputs/experiment_checkpoints_v3/351d5ae28c42b40077bdadf0658bfa25537a127e2eec08c20467485e4e004f72,False,COMPLETED
gpt2_cola,shared_clip300,0,5000,1500,1500,9,2,2,0.05,aistats2027_v3_outputs/experiment_checkpoints_v3/aad22ffebe604a52fedd12e605835a7a5d5da91a142150243f73655f63d987f9,False,COMPLETED
gpt2_cola,separate_naive,0,5000,1500,1500,9,2,2,0.05,aistats2027_v3_outputs/experiment_checkpoints_v3/51f6364d70d145457a70c30ab59f675a9327d7311e02838d0652dc32cb8c0fa8,False,COMPLETED
gpt2_cola,separate_lift,0,5000,1500,1500,9,2,2,0.05,aistats2027_v3_outputs/experiment_checkpoints_v3/4b9eb764c454f17e04be2274daec2834f18b7ae628a3761e0330ad8fff4e0541,False,COMPLETED
gpt2_cola,native_raw,1,5000,1500,1500,9,2,2,0.05,aistats2027_v3_outputs/experiment_checkpoints_v3/48a517e5fd7c13bb39debc4d815daf5644bf48176838b03b3036c431d11f6c52,False,COMPLETED
gpt2_cola,shared_raw,1,5000,1500,1500,9,2,2,0.05,aistats2027_v3_outputs/experiment_checkpoints_v3/e17f090f80688e726bd7386db2e121f538ebd245f5cfcc87897e1b98a15841d4,False,COMPLETED
gpt2_cola,shared_center,1,5000,1500,1500,9,2,2,0.05,aistats2027_v3_outputs/experiment_checkpoints_v3/e9ef58eb3e7de3e4fa042d13b2f2c62639a5eaeed562ab0ccb5a075ddae3b9ff,False,COMPLETED
gpt2_cola,shared_rms,1,5000,1500,1500,9,2,2,0.05,aistats2027_v3_outputs/experiment_checkpoints_v3/ed946ad02ac49fbdfbbe222b513cd0f4c1ee5c3e5278b2fb81554bef4afba4e5,False,COMPLETED
gpt2_cola,native_raw,2,5000,1500,1500,9,2,2,0.05,aistats2027_v3_outputs/experiment_checkpoints_v3/3d8b92c582d4ae961eb1650b71b73b2d8930082ffc2b5ef99320a03972972db7,False,COMPLETED
gpt2_cola,shared_raw,2,5000,1500,1500,9,2,2,0.05,aistats2027_v3_outputs/experiment_checkpoints_v3/fd8eeb10759b0f107329cab2d89746bae0fab2562eabe5f54e8cf879d975912a,False,COMPLETED
gpt2_cola,shared_center,2,5000,1500,1500,9,2,2,0.05,aistats2027_v3_outputs/experiment_checkpoints_v3/dad5993e23e3aab9ca224a28ad0badbab95146175de9126c78b26431a2635979,False,COMPLETED
gpt2_cola,shared_rms,2,5000,1500,1500,9,2,2,0.05,aistats2027_v3_outputs/experiment_checkpoints_v3/6ef86fdfa43e9cc1f6980c29905c34c27effb5e821248b22755fce5bcd1276bf,False,COMPLETED
pythia_sst2,native_raw,0,12000,3000,3000,9,2,2,0.05,aistats2027_v3_outputs/experiment_checkpoints_v3/a2969fec09e414d91a964783712fe523da73e198872ca41ae35e88377cb0c11f,False,COMPLETED
pythia_sst2,shared_raw,0,12000,3000,3000,9,2,2,0.05,aistats2027_v3_outputs/experiment_checkpoints_v3/d969878962588be3ca3b11298897d11d24dd81da8ed1dc5813fa873ffa2a2089,False,COMPLETED
pythia_sst2,shared_center,0,12000,3000,3000,9,2,2,0.05,aistats2027_v3_outputs/experiment_checkpoints_v3/d9279e00e3601573c342f4e9cea9613fca3047cb451fa7129ae22df5790901eb,False,COMPLETED
pythia_sst2,shared_rms,0,12000,3000,3000,9,2,2,0.05,aistats2027_v3_outputs/experiment_checkpoints_v3/51e2983582c82ed431a8ce9528fa9a6e456e8e63bbe064b23e51e4c97324e1df,False,COMPLETED
pythia_sst2,shared_unit,0,12000,3000,3000,9,2,2,0.05,aistats2027_v3_outputs/experiment_checkpoints_v3/6e86472e042a4fdc49342c9b47504d5991f1fda9cac549d0f025582efb0e0726,False,COMPLETED
pythia_sst2,shared_clip100,0,12000,3000,3000,9,2,2,0.05,aistats2027_v3_outputs/experiment_checkpoints_v3/acdc1e21fd2082bcf6dcd7e02f26dd08da8a7a919a45f0666e5a31dce8ec14bc,False,COMPLETED
pythia_sst2,shared_clip300,0,12000,3000,3000,9,2,2,0.05,aistats2027_v3_outputs/experiment_checkpoints_v3/aef6293ac00f33fd2e037ee30d76c1d64081b0c8cec3fb78a1bc7cdafa0d792a,False,COMPLETED
pythia_sst2,separate_naive,0,12000,3000,3000,9,2,2,0.05,aistats2027_v3_outputs/experiment_checkpoints_v3/7a2cef2356c552a2365ea49dbb5199a4d6efdc2a33d6931026615794c344b2f5,False,COMPLETED
pythia_sst2,separate_lift,0,12000,3000,3000,9,2,2,0.05,aistats2027_v3_outputs/experiment_checkpoints_v3/720610d400ff4cb970ed19341b9fac650089ea6967467948de053e653a65b254,False,COMPLETED
pythia_sst2,native_raw,1,12000,3000,3000,9,2,2,0.05,aistats2027_v3_outputs/experiment_checkpoints_v3/37f225cac98df9d96e8ee665d1f59134f93242a421429416bf1d144c9a94fb6f,False,COMPLETED
pythia_sst2,shared_raw,1,12000,3000,3000,9,2,2,0.05,aistats2027_v3_outputs/experiment_checkpoints_v3/c9807265ad4b16a1ff1ee2c377b736016e8185da9e8c72e3023833a20a7c761a,False,COMPLETED
pythia_sst2,shared_center,1,12000,3000,3000,9,2,2,0.05,aistats2027_v3_outputs/experiment_checkpoints_v3/45cf9b3e6810126a91278b790114c04287c2705dfed2ce233a431aa16252dd8a,False,COMPLETED
pythia_sst2,shared_rms,1,12000,3000,3000,9,2,2,0.05,aistats2027_v3_outputs/experiment_checkpoints_v3/b9d779e275c7da5ead139c82933d0c9c643f65b22379b824d1424413617cc9c6,False,COMPLETED
pythia_sst2,native_raw,2,12000,3000,3000,9,2,2,0.05,aistats2027_v3_outputs/experiment_checkpoints_v3/6d224da543f5b107b70a5661dfa93a0736f15e00ba56a732f169acc673378293,False,COMPLETED
pythia_sst2,shared_raw,2,12000,3000,3000,9,2,2,0.05,aistats2027_v3_outputs/experiment_checkpoints_v3/ee101b9b633cc61870b2193405b581a048f9277700f39c2667549cdc7a97e769,False,COMPLETED
pythia_sst2,shared_center,2,12000,3000,3000,9,2,2,0.05,aistats2027_v3_outputs/experiment_checkpoints_v3/e17c6d27b47abfb660eec39ee9e5117acd1e3de337e410fe2567a54bf688b722,False,COMPLETED
pythia_sst2,shared_rms,2,12000,3000,3000,9,2,2,0.05,aistats2027_v3_outputs/experiment_checkpoints_v3/31c4ddea8abe9cecde8edea7f2de8b9ef2a6e562b77607e67aee258c8e0ad603,False,COMPLETED
bert_sst2,native_raw,0,12000,3000,3000,9,2,2,0.05,aistats2027_v3_outputs/experiment_checkpoints_v3/ad88a2766ecdd7deffcde9a5cff831877693575b6fb7d75623184108a433f896,False,COMPLETED
bert_sst2,shared_raw,0,12000,3000,3000,9,2,2,0.05,aistats2027_v3_outputs/experiment_checkpoints_v3/328abab4c9bb17154c21547f9f411eb03aafe0847049f40f4be6f7f4fece1196,False,COMPLETED
bert_sst2,shared_center,0,12000,3000,3000,9,2,2,0.05,aistats2027_v3_outputs/experiment_checkpoints_v3/e286c6b9fa9202f8c4c9da18bd01bc6aea088d1968f090a0a642b96034b95195,False,COMPLETED
bert_sst2,shared_rms,0,12000,3000,3000,9,2,2,0.05,aistats2027_v3_outputs/experiment_checkpoints_v3/132f736c1fa40c8b78f18a66b8206357939cfbbe93002457c5ceff07a74b54b3,False,COMPLETED
bert_sst2,shared_unit,0,12000,3000,3000,9,2,2,0.05,aistats2027_v3_outputs/experiment_checkpoints_v3/e571e8b66ac8e063868cd0b73cbd37949cfa26ad6c8d84598b8ebfe522dfc06c,False,COMPLETED
bert_sst2,shared_clip100,0,12000,3000,3000,9,2,2,0.05,aistats2027_v3_outputs/experiment_checkpoints_v3/2e30e1629d564e738edf8160ac0be67672d50d505b10efc64dcfdbe27e5d6b32,False,COMPLETED
bert_sst2,shared_clip300,0,12000,3000,3000,9,2,2,0.05,aistats2027_v3_outputs/experiment_checkpoints_v3/e095af508c29713c2a6880c7d887aaea2a19ff2b1f78d5b12b69eb724af3f119,False,COMPLETED
bert_sst2,separate_naive,0,12000,3000,3000,9,2,2,0.05,aistats2027_v3_outputs/experiment_checkpoints_v3/71cb0d2b77b859d5f3bec7ebd9496d536b11bc6c0a5dc4bd9c18e0f8358a5050,False,COMPLETED
bert_sst2,separate_lift,0,12000,3000,3000,9,2,2,0.05,aistats2027_v3_outputs/experiment_checkpoints_v3/77f05b59092284e3b4e366abb966bcf02d00ee87840d92a08ad5a8b3c084c48c,False,COMPLETED
bert_sst2,native_raw,1,12000,3000,3000,9,2,2,0.05,aistats2027_v3_outputs/experiment_checkpoints_v3/24978885aa23dc7b02068aeda991c2c7067e8daeb05adda6add28cdd49892d5d,False,COMPLETED
bert_sst2,shared_raw,1,12000,3000,3000,9,2,2,0.05,aistats2027_v3_outputs/experiment_checkpoints_v3/300ff795acba6bc670fd5af2dc80c33761d111cdefdf7127dc39f7f19762ef75,False,COMPLETED
bert_sst2,shared_center,1,12000,3000,3000,9,2,2,0.05,aistats2027_v3_outputs/experiment_checkpoints_v3/729c1419c71bb5ed5579cbbeaba8f7a1a7d4a315a0b9f83695aee1a9b05f5847,False,COMPLETED
bert_sst2,shared_rms,1,12000,3000,3000,9,2,2,0.05,aistats2027_v3_outputs/experiment_checkpoints_v3/e78f7f138c4353636f903cdd14f450396d41571781637ab1062c500834026f59,False,COMPLETED
bert_sst2,native_raw,2,12000,3000,3000,9,2,2,0.05,aistats2027_v3_outputs/experiment_checkpoints_v3/80d007933b477d5447e70332217a5700138eeda226d2b33632f5fb60caadc722,False,COMPLETED
bert_sst2,shared_raw,2,12000,3000,3000,9,2,2,0.05,aistats2027_v3_outputs/experiment_checkpoints_v3/2b3fdfb6e4e39d2828189050a5c89c8517ab64bc04280e54fe340ac3aa1c9327,False,COMPLETED
bert_sst2,shared_center,2,12000,3000,3000,9,2,2,0.05,aistats2027_v3_outputs/experiment_checkpoints_v3/38466f5ad3eb115120a57ecd963005fa45581a979021843df021194ae4f8e028,False,COMPLETED
bert_sst2,shared_rms,2,12000,3000,3000,9,2,2,0.05,aistats2027_v3_outputs/experiment_checkpoints_v3/3d18f8af1366423d56e57ec13da00283d3c70e146d1f7c7e8742aa866d97cc4f,False,COMPLETED
gpt2_medium_sst2,native_raw,0,12000,3000,3000,9,2,2,0.05,aistats2027_v3_outputs/experiment_checkpoints_v3/28000a886bf7364ebfa4aa3ceeee16480d559e945e42fe0582fcc70d2fdf81d1,False,COMPLETED
gpt2_medium_sst2,shared_raw,0,12000,3000,3000,9,2,2,0.05,aistats2027_v3_outputs/experiment_checkpoints_v3/1a2af94eca1a2a681b3c7d18c3b0c54c299da54550dd4603f0f77f60a038fd88,False,COMPLETED
gpt2_medium_sst2,shared_center,0,12000,3000,3000,9,2,2,0.05,aistats2027_v3_outputs/experiment_checkpoints_v3/2f8b59bf3da43046fc310bcd248ba7811f6c9e92cc19a4f4281ccfb1a9fc1d54,False,COMPLETED
gpt2_medium_sst2,shared_rms,0,12000,3000,3000,9,2,2,0.05,aistats2027_v3_outputs/experiment_checkpoints_v3/278d4086deefe6d8b91d43fa992dfb5232c574b3756d23963255780c1364e134,False,COMPLETED
gpt2_medium_sst2,shared_unit,0,12000,3000,3000,9,2,2,0.05,aistats2027_v3_outputs/experiment_checkpoints_v3/5bdb99216ebae3aa68f6db2a696edfcebd91354bfbd444a3e15d86a5bd35a229,False,COMPLETED
gpt2_medium_sst2,shared_clip100,0,12000,3000,3000,9,2,2,0.05,aistats2027_v3_outputs/experiment_checkpoints_v3/f24e989480375c1912d74eb4fbc32529e068698759ce0634359cc5deaed518d4,False,COMPLETED
gpt2_medium_sst2,shared_clip300,0,12000,3000,3000,9,2,2,0.05,aistats2027_v3_outputs/experiment_checkpoints_v3/491bc919c876bc5c2514f6646322412ae71181baa89a15ab6f16301924ef4eb9,False,COMPLETED
gpt2_medium_sst2,separate_naive,0,12000,3000,3000,9,2,2,0.05,aistats2027_v3_outputs/experiment_checkpoints_v3/ff6bf94a95bdd99ea7f2b1bf68f6f083d4083cabba2d69a749d4c88b7474f226,False,COMPLETED
gpt2_medium_sst2,separate_lift,0,12000,3000,3000,9,2,2,0.05,aistats2027_v3_outputs/experiment_checkpoints_v3/f514c7ff683538ef5dff5f76df4099363a5a67fa69bda0977a1d61738d49a481,False,COMPLETED
gpt2_medium_sst2,native_raw,1,12000,3000,3000,9,2,2,0.05,aistats2027_v3_outputs/experiment_checkpoints_v3/8098aaf0d782cd94a16c284521fcff728497b2f829da6510c469b21c49a282e1,False,COMPLETED
gpt2_medium_sst2,shared_raw,1,12000,3000,3000,9,2,2,0.05,aistats2027_v3_outputs/experiment_checkpoints_v3/4daf47dbba1f552ed53ad23c6f6467a49555925d18f4982b71fb81b06527a5ad,False,COMPLETED
gpt2_medium_sst2,shared_center,1,12000,3000,3000,9,2,2,0.05,aistats2027_v3_outputs/experiment_checkpoints_v3/802ab9f3dc3398abe8a904d993642e239fd400658e4af8a19a0313d3decf212e,False,COMPLETED
gpt2_medium_sst2,shared_rms,1,12000,3000,3000,9,2,2,0.05,aistats2027_v3_outputs/experiment_checkpoints_v3/50b04629aefd60217cd54b1760cc9d48f16b0f6228b01abfc27639d33fd65b60,False,COMPLETED
gpt2_medium_sst2,native_raw,2,12000,3000,3000,9,2,2,0.05,aistats2027_v3_outputs/experiment_checkpoints_v3/b04e6a9d760d512c4779baf7a13b770bdd57ed9ced0ee552d9c6f88b64e513e5,False,COMPLETED
gpt2_medium_sst2,shared_raw,2,12000,3000,3000,9,2,2,0.05,aistats2027_v3_outputs/experiment_checkpoints_v3/430534e2cdef6962a7d25f5f24b43055461a182766c4be29ff3ebae9c0889484,False,COMPLETED
gpt2_medium_sst2,shared_center,2,12000,3000,3000,9,2,2,0.05,aistats2027_v3_outputs/experiment_checkpoints_v3/6cdce3319e77a0a5d8c5a81b92829bff5168c8c10752a7d07383bccc4ab47187,False,COMPLETED
gpt2_medium_sst2,shared_rms,2,12000,3000,3000,9,2,2,0.05,aistats2027_v3_outputs/experiment_checkpoints_v3/2773f7e60a57b4f5b6ffd8e1ebbf49b0d60758b64ed324f5af9cca08b45f025a,False,COMPLETED
gpt2_allocine,native_raw,0,12000,3000,3000,9,2,2,0.05,aistats2027_v3_outputs/experiment_checkpoints_v3/16357709c9607d57462353472c5fb7d8008d54a6748455d740f4a6afd7984cab,False,COMPLETED
gpt2_allocine,shared_raw,0,12000,3000,3000,9,2,2,0.05,aistats2027_v3_outputs/experiment_checkpoints_v3/594a97cb1580c81dd0f673b5939e6e588c2c0cb71d3f0273d4f6629022280a10,False,COMPLETED
gpt2_allocine,shared_center,0,12000,3000,3000,9,2,2,0.05,aistats2027_v3_outputs/experiment_checkpoints_v3/bde9e4de25e1afbd4e528dba8aa6719bb67b1b1643c6ad94f739c7f7c4340cfb,False,COMPLETED
gpt2_allocine,shared_rms,0,12000,3000,3000,9,2,2,0.05,aistats2027_v3_outputs/experiment_checkpoints_v3/ca2f4e864da328fad3c864822ae90572487385a09efdd74d8ee5a3646f0a2db0,False,COMPLETED
gpt2_allocine,shared_unit,0,12000,3000,3000,9,2,2,0.05,aistats2027_v3_outputs/experiment_checkpoints_v3/1a636b8545db87df0e81079d71ff2e46c9ba7328ea8a70bed0bbb4bace4ac324,False,COMPLETED
gpt2_allocine,shared_clip100,0,12000,3000,3000,9,2,2,0.05,aistats2027_v3_outputs/experiment_checkpoints_v3/09b13aaeb51bca227be2abad1728e98a919dacd84c36d666713fbfa65f8264ef,False,COMPLETED
gpt2_allocine,shared_clip300,0,12000,3000,3000,9,2,2,0.05,aistats2027_v3_outputs/experiment_checkpoints_v3/2006cc292204eb9078ecaa4086938716e736e19ee8a99c799901f02e4a64cd4b,False,COMPLETED
gpt2_allocine,separate_naive,0,12000,3000,3000,9,2,2,0.05,aistats2027_v3_outputs/experiment_checkpoints_v3/4b2b03eabac9640bde374a37171896a839a7715ee2b21b48a286ea2a96aeb440,False,COMPLETED
gpt2_allocine,separate_lift,0,12000,3000,3000,9,2,2,0.05,aistats2027_v3_outputs/experiment_checkpoints_v3/6d970277e00ce687b4407afe7bd30ba674f1ed2dd2cc9c0cce74208c442012cb,False,COMPLETED
gpt2_allocine,native_raw,1,12000,3000,3000,9,2,2,0.05,aistats2027_v3_outputs/experiment_checkpoints_v3/7a10f04607f20de25f6f7ae3993207f8da5a1d25445f04f5b123444fe273cc0d,False,COMPLETED
gpt2_allocine,shared_raw,1,12000,3000,3000,9,2,2,0.05,aistats2027_v3_outputs/experiment_checkpoints_v3/34b24da4df6a956dd6404077646a88c563bbe9ccb2a22a2fd1af9f66411e6a35,False,COMPLETED
gpt2_allocine,shared_center,1,12000,3000,3000,9,2,2,0.05,aistats2027_v3_outputs/experiment_checkpoints_v3/3fd9d7b254309ae6da813e7283125b08ca29d75b706cdca885fd92b876db7470,False,COMPLETED
gpt2_allocine,shared_rms,1,12000,3000,3000,9,2,2,0.05,aistats2027_v3_outputs/experiment_checkpoints_v3/5d82792fc535796d9a7eda18b77e6f748b704cb63de9b2bcf577234625a21132,False,COMPLETED
gpt2_allocine,native_raw,2,12000,3000,3000,9,2,2,0.05,aistats2027_v3_outputs/experiment_checkpoints_v3/a79311fdfae51fe9fe7b1ee2b886e4f916532de80e7a99b6b5c014081c20b63a,False,COMPLETED
gpt2_allocine,shared_raw,2,12000,3000,3000,9,2,2,0.05,aistats2027_v3_outputs/experiment_checkpoints_v3/f6c2b96eb22139595185e418ce8907aecefb12c1db269cefa852efc722e0707d,False,COMPLETED
gpt2_allocine,shared_center,2,12000,3000,3000,9,2,2,0.05,aistats2027_v3_outputs/experiment_checkpoints_v3/ef56e3858e11004af2068b8f3ff4522b0bbdbb55d112df702e5c15f377867c2b,False,COMPLETED
gpt2_allocine,shared_rms,2,12000,3000,3000,9,2,2,0.05,aistats2027_v3_outputs/experiment_checkpoints_v3/b3b7ba97aeb2260a7fc9677b1b09ce708d094d2d01e6c0bf9291442b8f1d3adc,False,COMPLETED
gpt2_nll,native_raw,0,12000,3000,3000,9,2,2,0.05,aistats2027_v3_outputs/experiment_checkpoints_v3/9aa8752916e61e42a3e5521eeb33b4ef5a809e9f0ffb122545efa6b8a73a0156,False,COMPLETED
gpt2_nll,shared_raw,0,12000,3000,3000,9,2,2,0.05,aistats2027_v3_outputs/experiment_checkpoints_v3/bbd67a041ca0a8559e641cd58c2b3557574b4bef375b859c800a674ecfff0bc4,False,COMPLETED
gpt2_nll,shared_center,0,12000,3000,3000,9,2,2,0.05,aistats2027_v3_outputs/experiment_checkpoints_v3/43e93a2b839416a216a4d6732b3320f5d00ffd66236a92cdd0e3698bd69fa212,False,COMPLETED
gpt2_nll,shared_rms,0,12000,3000,3000,9,2,2,0.05,aistats2027_v3_outputs/experiment_checkpoints_v3/cb5b251d71580c23297d31d1cb615727ec7995503ca4fb645aeb0bed9f2909c5,False,COMPLETED
gpt2_nll,shared_unit,0,12000,3000,3000,9,2,2,0.05,aistats2027_v3_outputs/experiment_checkpoints_v3/16278aaecb3c5342b675567891212d438c203b4bd477d0f9d6996c4910958c83,False,COMPLETED
gpt2_nll,shared_clip100,0,12000,3000,3000,9,2,2,0.05,aistats2027_v3_outputs/experiment_checkpoints_v3/e2b9eb6301818d977ffe09eba4440703ecf0a4d82596e2de8c0b94eea845e2b2,False,COMPLETED
gpt2_nll,shared_clip300,0,12000,3000,3000,9,2,2,0.05,aistats2027_v3_outputs/experiment_checkpoints_v3/21ea585cd25001162b5c0dac289083bbb4c3d2dfa434707dfe66d2f78c41b8ff,False,COMPLETED
gpt2_nll,separate_naive,0,12000,3000,3000,9,2,2,0.05,aistats2027_v3_outputs/experiment_checkpoints_v3/f7fbc63513e75fdd13e58904669199189a86f4741d1af761da087a7cdbf5e5a1,False,COMPLETED
gpt2_nll,separate_lift,0,12000,3000,3000,9,2,2,0.05,aistats2027_v3_outputs/experiment_checkpoints_v3/e897f2370580ba3279d44a2fa1e31699c66e5a0b93afb61fd6c19b02891abe61,False,COMPLETED
gpt2_nll,native_raw,1,12000,3000,3000,9,2,2,0.05,aistats2027_v3_outputs/experiment_checkpoints_v3/1f35d91b63b9c29ec7d2eaba343899979b7aa3ab4aea5c6ac408cb04afa8d032,False,COMPLETED
gpt2_nll,shared_raw,1,12000,3000,3000,9,2,2,0.05,aistats2027_v3_outputs/experiment_checkpoints_v3/821c4fa5f04e8756ffe9fb7f3ffe958dd89372c7d762afd18f92bd79f9135373,False,COMPLETED
gpt2_nll,shared_center,1,12000,3000,3000,9,2,2,0.05,aistats2027_v3_outputs/experiment_checkpoints_v3/c15a22990bb5d5fafff8b57669e419ed9e45003eb7784d6126e17ddf514cbe78,False,COMPLETED
gpt2_nll,shared_rms,1,12000,3000,3000,9,2,2,0.05,aistats2027_v3_outputs/experiment_checkpoints_v3/6efa4e9be045f8a8c4859aa80e3007ff0169e81a60ab8c8ec9406f54bf2e8918,False,COMPLETED
gpt2_nll,native_raw,2,12000,3000,3000,9,2,2,0.05,aistats2027_v3_outputs/experiment_checkpoints_v3/1fbfbb7ba44829ebc7ba80a6c4f7f7c907aae66bf258b6af7c3b002575a1bfc0,False,COMPLETED
gpt2_nll,shared_raw,2,12000,3000,3000,9,2,2,0.05,aistats2027_v3_outputs/experiment_checkpoints_v3/caa961ed5ee4860d1f7b28bf275487916b14609232b3a336e45cde5e3fcac7e2,False,COMPLETED
gpt2_nll,shared_center,2,12000,3000,3000,9,2,2,0.05,aistats2027_v3_outputs/experiment_checkpoints_v3/454d1f1390cd5d127ada13821b825aa4416514893583522ce45f4cde29f5b707,False,COMPLETED
gpt2_nll,shared_rms,2,12000,3000,3000,9,2,2,0.05,aistats2027_v3_outputs/experiment_checkpoints_v3/1c1a3e37e49efd070bc598ef478979a648996660d6716eb05525de014da6bc07,False,COMPLETED
