figure,width_inches,height_inches,caption
fig01_bounded_inference,6.75,2.25,"Exactly enumerable bounded DGP. Both methods receive half of the 5% family budget; intervals cover two directions. Error bars are exact binomial Monte Carlo intervals, with slight horizontal offsets for visibility. Acceptance is based only on calibration data."
fig02_gaussian_oracle,6.75,2.25,Paired latent Gaussian DGP with source fitting independent of calibration. The F ellipsoid covers a conditional design-metric regret under correctly specified Gaussian linear regression; no population-covariance guarantee is claimed.
fig03_rates_and_scope,6.75,2.3,"Known quadratic-Gaussian rates and a positive-scaling orbit. These are background checks, not new theorems. The right panel evaluates the population target metric with identity covariance."
fig04_synthetic_controls,6.75,2.7600000000000002,"Controlled paired simulation with mean/scale shifts. Points are medians over available repeats; whiskers are minimum-to-maximum ranges, not confidence intervals. The mean fraction is computed from prediction disagreement, not from possibly negative excess loss."
fig05_synthetic_pair_diagnostics,6.75,4.7,Synthetic raw shared-PCA protocol. Ordered layer pairs share examples and are not independent replicates. Raw loss heatmap uses a symmetric-log color scale. MAE targets noisy final-test mean loss differences. Geometry and direct training use identical label budgets.
fig06_synthetic_label_budget,6.75,2.25,"Synthetic centered/RMS protocol. Probe fitting labels and final test set are fixed. Horizontal curves require no additional assessment labels; direct calibration uses the stated budget. Interval multiplicity includes both methods, all budgets, actions, and planned protocols. Raw and clipped estimands appear in separately labeled panels."
fig08_synthetic_alignment,6.75,3.0,Synthetic raw shared-PCA protocol. Alignment is ridge distillation of source predictions using paired training features; calibration and final-test labels are not used to fit it. The raw scatter and clipped decision curves concern separate estimands. Intervals cover both actions and methods; threshold curves reuse those same intervals.
real_gpt2_sst2_shared_raw_diagnostics,6.75,4.7,"gpt2_sst2, shared_raw, v3 paper profile, split 0. Ordered layer pairs share examples and are not independent replicates. Raw loss heatmap uses a symmetric-log color scale. MAE targets noisy final-test mean loss differences. Geometry and direct training use identical label budgets."
real_gpt2_sst2_shared_raw_alignment,6.75,3.0,"gpt2_sst2, shared_raw. Alignment is ridge distillation of source predictions using paired training features; calibration and final-test labels are not used to fit it. The raw scatter and clipped decision curves concern separate estimands. Intervals cover both actions and methods; threshold curves reuse those same intervals."
real_gpt2_sst2_shared_raw_budget,6.75,2.25,"gpt2_sst2, shared_raw. Probe fitting labels and final test set are fixed. Horizontal curves require no additional assessment labels; direct calibration uses the stated budget. Interval multiplicity includes both methods, all budgets, actions, and planned protocols. Raw and clipped estimands appear in separately labeled panels."
real_gpt2_sst2_shared_rms_diagnostics,6.75,4.7,"gpt2_sst2, shared_rms, v3 paper profile, split 0. Ordered layer pairs share examples and are not independent replicates. Raw loss heatmap uses a symmetric-log color scale. MAE targets noisy final-test mean loss differences. Geometry and direct training use identical label budgets."
real_gpt2_sst2_shared_rms_alignment,6.75,3.0,"gpt2_sst2, shared_rms. Alignment is ridge distillation of source predictions using paired training features; calibration and final-test labels are not used to fit it. The raw scatter and clipped decision curves concern separate estimands. Intervals cover both actions and methods; threshold curves reuse those same intervals."
real_gpt2_sst2_shared_rms_budget,6.75,2.25,"gpt2_sst2, shared_rms. Probe fitting labels and final test set are fixed. Horizontal curves require no additional assessment labels; direct calibration uses the stated budget. Interval multiplicity includes both methods, all budgets, actions, and planned protocols. Raw and clipped estimands appear in separately labeled panels."
real_gpt2_sst2_protocol_controls,6.75,2.7600000000000002,"gpt2_sst2: primary/control protocols. Points are medians over available repeats; whiskers are minimum-to-maximum ranges, not confidence intervals. The mean fraction is computed from prediction disagreement, not from possibly negative excess loss."
real_gpt2_agnews_shared_raw_diagnostics,6.75,4.7,"gpt2_agnews, shared_raw, v3 paper profile, split 0. Ordered layer pairs share examples and are not independent replicates. Raw loss heatmap uses a symmetric-log color scale. MAE targets noisy final-test mean loss differences. Geometry and direct training use identical label budgets."
real_gpt2_agnews_shared_raw_alignment,6.75,3.0,"gpt2_agnews, shared_raw. Alignment is ridge distillation of source predictions using paired training features; calibration and final-test labels are not used to fit it. The raw scatter and clipped decision curves concern separate estimands. Intervals cover both actions and methods; threshold curves reuse those same intervals."
real_gpt2_agnews_shared_raw_budget,6.75,2.25,"gpt2_agnews, shared_raw. Probe fitting labels and final test set are fixed. Horizontal curves require no additional assessment labels; direct calibration uses the stated budget. Interval multiplicity includes both methods, all budgets, actions, and planned protocols. Raw and clipped estimands appear in separately labeled panels."
real_gpt2_agnews_shared_rms_diagnostics,6.75,4.7,"gpt2_agnews, shared_rms, v3 paper profile, split 0. Ordered layer pairs share examples and are not independent replicates. Raw loss heatmap uses a symmetric-log color scale. MAE targets noisy final-test mean loss differences. Geometry and direct training use identical label budgets."
real_gpt2_agnews_shared_rms_alignment,6.75,3.0,"gpt2_agnews, shared_rms. Alignment is ridge distillation of source predictions using paired training features; calibration and final-test labels are not used to fit it. The raw scatter and clipped decision curves concern separate estimands. Intervals cover both actions and methods; threshold curves reuse those same intervals."
real_gpt2_agnews_shared_rms_budget,6.75,2.25,"gpt2_agnews, shared_rms. Probe fitting labels and final test set are fixed. Horizontal curves require no additional assessment labels; direct calibration uses the stated budget. Interval multiplicity includes both methods, all budgets, actions, and planned protocols. Raw and clipped estimands appear in separately labeled panels."
real_gpt2_agnews_protocol_controls,6.75,2.7600000000000002,"gpt2_agnews: primary/control protocols. Points are medians over available repeats; whiskers are minimum-to-maximum ranges, not confidence intervals. The mean fraction is computed from prediction disagreement, not from possibly negative excess loss."
real_gpt2_cola_shared_raw_diagnostics,6.75,4.7,"gpt2_cola, shared_raw, v3 paper profile, split 0. Ordered layer pairs share examples and are not independent replicates. Raw loss heatmap uses a symmetric-log color scale. MAE targets noisy final-test mean loss differences. Geometry and direct training use identical label budgets."
real_gpt2_cola_shared_raw_alignment,6.75,3.0,"gpt2_cola, shared_raw. Alignment is ridge distillation of source predictions using paired training features; calibration and final-test labels are not used to fit it. The raw scatter and clipped decision curves concern separate estimands. Intervals cover both actions and methods; threshold curves reuse those same intervals."
real_gpt2_cola_shared_raw_budget,6.75,2.25,"gpt2_cola, shared_raw. Probe fitting labels and final test set are fixed. Horizontal curves require no additional assessment labels; direct calibration uses the stated budget. Interval multiplicity includes both methods, all budgets, actions, and planned protocols. Raw and clipped estimands appear in separately labeled panels."
real_gpt2_cola_shared_rms_diagnostics,6.75,4.7,"gpt2_cola, shared_rms, v3 paper profile, split 0. Ordered layer pairs share examples and are not independent replicates. Raw loss heatmap uses a symmetric-log color scale. MAE targets noisy final-test mean loss differences. Geometry and direct training use identical label budgets."
real_gpt2_cola_shared_rms_alignment,6.75,3.0,"gpt2_cola, shared_rms. Alignment is ridge distillation of source predictions using paired training features; calibration and final-test labels are not used to fit it. The raw scatter and clipped decision curves concern separate estimands. Intervals cover both actions and methods; threshold curves reuse those same intervals."
real_gpt2_cola_shared_rms_budget,6.75,2.25,"gpt2_cola, shared_rms. Probe fitting labels and final test set are fixed. Horizontal curves require no additional assessment labels; direct calibration uses the stated budget. Interval multiplicity includes both methods, all budgets, actions, and planned protocols. Raw and clipped estimands appear in separately labeled panels."
real_gpt2_cola_protocol_controls,6.75,2.7600000000000002,"gpt2_cola: primary/control protocols. Points are medians over available repeats; whiskers are minimum-to-maximum ranges, not confidence intervals. The mean fraction is computed from prediction disagreement, not from possibly negative excess loss."
real_pythia_sst2_shared_raw_diagnostics,6.75,4.7,"pythia_sst2, shared_raw, v3 paper profile, split 0. Ordered layer pairs share examples and are not independent replicates. Raw loss heatmap uses a symmetric-log color scale. MAE targets noisy final-test mean loss differences. Geometry and direct training use identical label budgets."
real_pythia_sst2_shared_raw_alignment,6.75,3.0,"pythia_sst2, shared_raw. Alignment is ridge distillation of source predictions using paired training features; calibration and final-test labels are not used to fit it. The raw scatter and clipped decision curves concern separate estimands. Intervals cover both actions and methods; threshold curves reuse those same intervals."
real_pythia_sst2_shared_raw_budget,6.75,2.25,"pythia_sst2, shared_raw. Probe fitting labels and final test set are fixed. Horizontal curves require no additional assessment labels; direct calibration uses the stated budget. Interval multiplicity includes both methods, all budgets, actions, and planned protocols. Raw and clipped estimands appear in separately labeled panels."
real_pythia_sst2_shared_rms_diagnostics,6.75,4.7,"pythia_sst2, shared_rms, v3 paper profile, split 0. Ordered layer pairs share examples and are not independent replicates. Raw loss heatmap uses a symmetric-log color scale. MAE targets noisy final-test mean loss differences. Geometry and direct training use identical label budgets."
real_pythia_sst2_shared_rms_alignment,6.75,3.0,"pythia_sst2, shared_rms. Alignment is ridge distillation of source predictions using paired training features; calibration and final-test labels are not used to fit it. The raw scatter and clipped decision curves concern separate estimands. Intervals cover both actions and methods; threshold curves reuse those same intervals."
real_pythia_sst2_shared_rms_budget,6.75,2.25,"pythia_sst2, shared_rms. Probe fitting labels and final test set are fixed. Horizontal curves require no additional assessment labels; direct calibration uses the stated budget. Interval multiplicity includes both methods, all budgets, actions, and planned protocols. Raw and clipped estimands appear in separately labeled panels."
real_pythia_sst2_protocol_controls,6.75,2.7600000000000002,"pythia_sst2: primary/control protocols. Points are medians over available repeats; whiskers are minimum-to-maximum ranges, not confidence intervals. The mean fraction is computed from prediction disagreement, not from possibly negative excess loss."
real_bert_sst2_shared_raw_diagnostics,6.75,4.7,"bert_sst2, shared_raw, v3 paper profile, split 0. Ordered layer pairs share examples and are not independent replicates. Raw loss heatmap uses a symmetric-log color scale. MAE targets noisy final-test mean loss differences. Geometry and direct training use identical label budgets."
real_bert_sst2_shared_raw_alignment,6.75,3.0,"bert_sst2, shared_raw. Alignment is ridge distillation of source predictions using paired training features; calibration and final-test labels are not used to fit it. The raw scatter and clipped decision curves concern separate estimands. Intervals cover both actions and methods; threshold curves reuse those same intervals."
real_bert_sst2_shared_raw_budget,6.75,2.25,"bert_sst2, shared_raw. Probe fitting labels and final test set are fixed. Horizontal curves require no additional assessment labels; direct calibration uses the stated budget. Interval multiplicity includes both methods, all budgets, actions, and planned protocols. Raw and clipped estimands appear in separately labeled panels."
real_bert_sst2_shared_rms_diagnostics,6.75,4.7,"bert_sst2, shared_rms, v3 paper profile, split 0. Ordered layer pairs share examples and are not independent replicates. Raw loss heatmap uses a symmetric-log color scale. MAE targets noisy final-test mean loss differences. Geometry and direct training use identical label budgets."
real_bert_sst2_shared_rms_alignment,6.75,3.0,"bert_sst2, shared_rms. Alignment is ridge distillation of source predictions using paired training features; calibration and final-test labels are not used to fit it. The raw scatter and clipped decision curves concern separate estimands. Intervals cover both actions and methods; threshold curves reuse those same intervals."
real_bert_sst2_shared_rms_budget,6.75,2.25,"bert_sst2, shared_rms. Probe fitting labels and final test set are fixed. Horizontal curves require no additional assessment labels; direct calibration uses the stated budget. Interval multiplicity includes both methods, all budgets, actions, and planned protocols. Raw and clipped estimands appear in separately labeled panels."
real_bert_sst2_protocol_controls,6.75,2.7600000000000002,"bert_sst2: primary/control protocols. Points are medians over available repeats; whiskers are minimum-to-maximum ranges, not confidence intervals. The mean fraction is computed from prediction disagreement, not from possibly negative excess loss."
real_gpt2_medium_sst2_shared_raw_diagnostics,6.75,4.7,"gpt2_medium_sst2, shared_raw, v3 paper profile, split 0. Ordered layer pairs share examples and are not independent replicates. Raw loss heatmap uses a symmetric-log color scale. MAE targets noisy final-test mean loss differences. Geometry and direct training use identical label budgets."
real_gpt2_medium_sst2_shared_raw_alignment,6.75,3.0,"gpt2_medium_sst2, shared_raw. Alignment is ridge distillation of source predictions using paired training features; calibration and final-test labels are not used to fit it. The raw scatter and clipped decision curves concern separate estimands. Intervals cover both actions and methods; threshold curves reuse those same intervals."
real_gpt2_medium_sst2_shared_raw_budget,6.75,2.25,"gpt2_medium_sst2, shared_raw. Probe fitting labels and final test set are fixed. Horizontal curves require no additional assessment labels; direct calibration uses the stated budget. Interval multiplicity includes both methods, all budgets, actions, and planned protocols. Raw and clipped estimands appear in separately labeled panels."
real_gpt2_medium_sst2_shared_rms_diagnostics,6.75,4.7,"gpt2_medium_sst2, shared_rms, v3 paper profile, split 0. Ordered layer pairs share examples and are not independent replicates. Raw loss heatmap uses a symmetric-log color scale. MAE targets noisy final-test mean loss differences. Geometry and direct training use identical label budgets."
real_gpt2_medium_sst2_shared_rms_alignment,6.75,3.0,"gpt2_medium_sst2, shared_rms. Alignment is ridge distillation of source predictions using paired training features; calibration and final-test labels are not used to fit it. The raw scatter and clipped decision curves concern separate estimands. Intervals cover both actions and methods; threshold curves reuse those same intervals."
real_gpt2_medium_sst2_shared_rms_budget,6.75,2.25,"gpt2_medium_sst2, shared_rms. Probe fitting labels and final test set are fixed. Horizontal curves require no additional assessment labels; direct calibration uses the stated budget. Interval multiplicity includes both methods, all budgets, actions, and planned protocols. Raw and clipped estimands appear in separately labeled panels."
real_gpt2_medium_sst2_protocol_controls,6.75,2.7600000000000002,"gpt2_medium_sst2: primary/control protocols. Points are medians over available repeats; whiskers are minimum-to-maximum ranges, not confidence intervals. The mean fraction is computed from prediction disagreement, not from possibly negative excess loss."
real_gpt2_allocine_shared_raw_diagnostics,6.75,4.7,"gpt2_allocine, shared_raw, v3 paper profile, split 0. Ordered layer pairs share examples and are not independent replicates. Raw loss heatmap uses a symmetric-log color scale. MAE targets noisy final-test mean loss differences. Geometry and direct training use identical label budgets."
real_gpt2_allocine_shared_raw_alignment,6.75,3.0,"gpt2_allocine, shared_raw. Alignment is ridge distillation of source predictions using paired training features; calibration and final-test labels are not used to fit it. The raw scatter and clipped decision curves concern separate estimands. Intervals cover both actions and methods; threshold curves reuse those same intervals."
real_gpt2_allocine_shared_raw_budget,6.75,2.25,"gpt2_allocine, shared_raw. Probe fitting labels and final test set are fixed. Horizontal curves require no additional assessment labels; direct calibration uses the stated budget. Interval multiplicity includes both methods, all budgets, actions, and planned protocols. Raw and clipped estimands appear in separately labeled panels."
real_gpt2_allocine_shared_rms_diagnostics,6.75,4.7,"gpt2_allocine, shared_rms, v3 paper profile, split 0. Ordered layer pairs share examples and are not independent replicates. Raw loss heatmap uses a symmetric-log color scale. MAE targets noisy final-test mean loss differences. Geometry and direct training use identical label budgets."
real_gpt2_allocine_shared_rms_alignment,6.75,3.0,"gpt2_allocine, shared_rms. Alignment is ridge distillation of source predictions using paired training features; calibration and final-test labels are not used to fit it. The raw scatter and clipped decision curves concern separate estimands. Intervals cover both actions and methods; threshold curves reuse those same intervals."
real_gpt2_allocine_shared_rms_budget,6.75,2.25,"gpt2_allocine, shared_rms. Probe fitting labels and final test set are fixed. Horizontal curves require no additional assessment labels; direct calibration uses the stated budget. Interval multiplicity includes both methods, all budgets, actions, and planned protocols. Raw and clipped estimands appear in separately labeled panels."
real_gpt2_allocine_protocol_controls,6.75,2.7600000000000002,"gpt2_allocine: primary/control protocols. Points are medians over available repeats; whiskers are minimum-to-maximum ranges, not confidence intervals. The mean fraction is computed from prediction disagreement, not from possibly negative excess loss."
real_gpt2_nll_shared_raw_diagnostics,6.75,4.7,"gpt2_nll, shared_raw, v3 paper profile, split 0. Ordered layer pairs share examples and are not independent replicates. Raw loss heatmap uses a symmetric-log color scale. MAE targets noisy final-test mean loss differences. Geometry and direct training use identical label budgets."
real_gpt2_nll_shared_raw_alignment,6.75,3.0,"gpt2_nll, shared_raw. Alignment is ridge distillation of source predictions using paired training features; calibration and final-test labels are not used to fit it. The raw scatter and clipped decision curves concern separate estimands. Intervals cover both actions and methods; threshold curves reuse those same intervals."
real_gpt2_nll_shared_raw_budget,6.75,2.25,"gpt2_nll, shared_raw. Probe fitting labels and final test set are fixed. Horizontal curves require no additional assessment labels; direct calibration uses the stated budget. Interval multiplicity includes both methods, all budgets, actions, and planned protocols. Raw and clipped estimands appear in separately labeled panels."
real_gpt2_nll_shared_rms_diagnostics,6.75,4.7,"gpt2_nll, shared_rms, v3 paper profile, split 0. Ordered layer pairs share examples and are not independent replicates. Raw loss heatmap uses a symmetric-log color scale. MAE targets noisy final-test mean loss differences. Geometry and direct training use identical label budgets."
real_gpt2_nll_shared_rms_alignment,6.75,3.0,"gpt2_nll, shared_rms. Alignment is ridge distillation of source predictions using paired training features; calibration and final-test labels are not used to fit it. The raw scatter and clipped decision curves concern separate estimands. Intervals cover both actions and methods; threshold curves reuse those same intervals."
real_gpt2_nll_shared_rms_budget,6.75,2.25,"gpt2_nll, shared_rms. Probe fitting labels and final test set are fixed. Horizontal curves require no additional assessment labels; direct calibration uses the stated budget. Interval multiplicity includes both methods, all budgets, actions, and planned protocols. Raw and clipped estimands appear in separately labeled panels."
real_gpt2_nll_protocol_controls,6.75,2.7600000000000002,"gpt2_nll: primary/control protocols. Points are medians over available repeats; whiskers are minimum-to-maximum ranges, not confidence intervals. The mean fraction is computed from prediction disagreement, not from possibly negative excess loss."
real_gpt2_sst2_sensitivity,6.75,2.4,"gpt2_sst2, descriptive sensitivity checks. Sample-size sweep uses the same calibration/test IDs. No independent-seed p-values or universal rate are inferred."
real_bert_sst2_sensitivity,6.75,2.4,"bert_sst2, descriptive sensitivity checks. Sample-size sweep uses the same calibration/test IDs. No independent-seed p-values or universal rate are inferred."
real_sst2_to_imdb_diagnostics,6.75,4.7,sst2_to_imdb with source-frozen RMS/PCA. Ordered layer pairs share examples and are not independent replicates. Raw loss heatmap uses a symmetric-log color scale. MAE targets noisy final-test mean loss differences. Geometry and direct training use identical label budgets.
real_sst2_to_allocine_diagnostics,6.75,4.7,sst2_to_allocine with source-frozen RMS/PCA. Ordered layer pairs share examples and are not independent replicates. Raw loss heatmap uses a symmetric-log color scale. MAE targets noisy final-test mean loss differences. Geometry and direct training use identical label budgets.
fig07_archived_v2_pilot,6.75,2.6,"Archived v2 pilot only, copied from uploaded cell outputs; no fresh v3 model execution. Raw/clipped losses concern different estimands. Native features were norm-clipped at 100. Displayed rows are the retained subset of the original table."
