method,estimand,mae_to_test_mean,spearman_to_test_mean,pairs,job,repeat,mode
training_geometry,raw fitted-reference loss difference,2.483128,0.998106,132,gpt2_sst2,0,native
training_direct_risk,raw fitted-reference loss difference,2.488395,0.998017,132,gpt2_sst2,0,native
training_geometry_corrected,raw fitted-reference loss difference,2.488395,0.998017,132,gpt2_sst2,0,native
diagonal_geometry,raw fitted-reference loss difference,455.913987,0.567327,132,gpt2_sst2,0,native
coefficient_distance,raw fitted-reference loss difference,323.198216,0.43905,132,gpt2_sst2,0,native
scaled_coefficient_distance,raw fitted-reference loss difference,3254.560192,0.495703,132,gpt2_sst2,0,native
direct_calibration_risk,raw fitted-reference loss difference,4.234166,0.998602,132,gpt2_sst2,0,native
cka_held_target,raw fitted-reference loss difference,322.445186,0.299879,132,gpt2_sst2,0,native
cca_squared_held_target,raw fitted-reference loss difference,344.355449,0.109854,132,gpt2_sst2,0,native
whitened_procrustes_held_target,raw fitted-reference loss difference,341.202362,0.114278,132,gpt2_sst2,0,native
probe_cosine_held_target,raw fitted-reference loss difference,363.859139,0.171684,132,gpt2_sst2,0,native
directional_supervised_held_target,raw fitted-reference loss difference,357.921251,0.484031,132,gpt2_sst2,0,native
training_geometry,raw fitted-reference loss difference,2.097115,0.998899,132,gpt2_sst2,0,shared_pca
training_direct_risk,raw fitted-reference loss difference,2.097579,0.998894,132,gpt2_sst2,0,shared_pca
training_geometry_corrected,raw fitted-reference loss difference,2.097579,0.998894,132,gpt2_sst2,0,shared_pca
diagonal_geometry,raw fitted-reference loss difference,247.171037,0.599954,132,gpt2_sst2,0,shared_pca
coefficient_distance,raw fitted-reference loss difference,170.21874,0.499853,132,gpt2_sst2,0,shared_pca
scaled_coefficient_distance,raw fitted-reference loss difference,25513.11232,0.537957,132,gpt2_sst2,0,shared_pca
direct_calibration_risk,raw fitted-reference loss difference,1.345856,0.998148,132,gpt2_sst2,0,shared_pca
cka_held_target,raw fitted-reference loss difference,206.8881,0.311886,132,gpt2_sst2,0,shared_pca
cca_squared_held_target,raw fitted-reference loss difference,212.63543,0.103879,132,gpt2_sst2,0,shared_pca
whitened_procrustes_held_target,raw fitted-reference loss difference,212.427719,0.126782,132,gpt2_sst2,0,shared_pca
probe_cosine_held_target,raw fitted-reference loss difference,214.305384,0.097909,132,gpt2_sst2,0,shared_pca
directional_supervised_held_target,raw fitted-reference loss difference,444.275215,0.601702,132,gpt2_sst2,0,shared_pca
