job,repeat,mode,n_pairs,raw_test_mean,clipped_test_mean,bounded_interval_width,native_feature_clip_fraction,raw_symmetry_MAE_floor,profile
gpt2_sst2,0,native,132,237.657934,0.194413,0.659408,0.442871,225.479089,validation
gpt2_sst2,0,shared_pca,132,124.777809,0.215288,0.589062,0.442871,119.421332,validation
gpt2_sst2,0,separate_pca_naive,132,0.249133,0.124223,0.507911,0.442871,0.176101,validation
gpt2_sst2,0,separate_pca_lift,132,0.486018,0.126648,0.513461,0.442871,0.319038,validation
gpt2_agnews,0,native,132,6.696613,0.157676,0.534531,0.351074,6.222926,validation
gpt2_agnews,0,shared_pca,132,2.695996,0.086143,0.43748,0.351074,2.419392,validation
gpt2_agnews,0,separate_pca_naive,132,0.3459,0.188575,0.480077,0.351074,0.201236,validation
gpt2_agnews,0,separate_pca_lift,132,0.194985,0.059971,0.406315,0.351074,0.138076,validation
gpt2_cola,0,native,132,117.229272,0.071552,0.647309,0.362712,95.991548,validation
gpt2_cola,0,shared_pca,132,53.594049,0.140633,0.511668,0.362712,49.184332,validation
gpt2_cola,0,separate_pca_naive,132,0.085144,0.02964,0.43205,0.362712,0.082256,validation
gpt2_cola,0,separate_pca_lift,132,0.526342,0.063268,0.446023,0.362712,0.434909,validation
pythia_sst2,0,native,132,98.992408,0.141365,0.66104,0.083333,95.42527,validation
pythia_sst2,0,shared_pca,132,30.894707,0.198996,0.593877,0.083333,29.662373,validation
pythia_sst2,0,separate_pca_naive,132,0.107728,0.075903,0.485058,0.083333,0.061148,validation
pythia_sst2,0,separate_pca_lift,132,0.405611,0.112969,0.508566,0.083333,0.247666,validation
bert_sst2,0,native,132,89.410649,0.169543,0.64125,0.0,86.336799,validation
bert_sst2,0,shared_pca,132,26.370913,0.208421,0.571536,0.0,25.717208,validation
bert_sst2,0,separate_pca_naive,132,0.407336,0.157993,0.513803,0.0,0.320502,validation
bert_sst2,0,separate_pca_lift,132,0.162139,0.095841,0.47234,0.0,0.120109,validation
gpt2_medium_sst2,0,native,132,49.326778,0.240665,0.640881,0.999105,34.259883,validation
gpt2_medium_sst2,0,shared_pca,132,28.902338,0.253375,0.609021,0.999105,19.722704,validation
gpt2_medium_sst2,0,separate_pca_naive,132,0.212833,0.123576,0.508498,0.999105,0.127535,validation
gpt2_medium_sst2,0,separate_pca_lift,132,0.548248,0.13064,0.504939,0.999105,0.418872,validation
