experiment,method,mae,bootstrap_lo,bootstrap_hi,difference_to_direct_train,difference_lo,difference_hi,resampling_unit,repetitions,scope
synthetic_shared_raw,training_geometry,0.006110626369235168,0.002636234596639577,0.028838685134040032,3.570970526337123e-05,-9.487304679348628e-05,9.487304679348801e-05,paired final-test example; all layer pairs kept together,1000,approximate conditional diagnostic; no training/calibration refitting
synthetic_shared_raw,direct_training,0.0060749166639717965,0.0026031702383136324,0.02881586827861302,0.0,0.0,0.0,paired final-test example; all layer pairs kept together,1000,approximate conditional diagnostic; no training/calibration refitting
synthetic_shared_raw,direct_calibration,0.011330075549935523,0.0026425177942268783,0.03372359479878393,0.005255158885963726,-0.005338819702419711,0.00534851355456328,paired final-test example; all layer pairs kept together,1000,approximate conditional diagnostic; no training/calibration refitting
synthetic_shared_raw,cka_held_target,0.5320282192086285,0.5166182522823333,0.5469616871769658,0.5259533025446568,0.4881358304967025,0.5360272093867862,paired final-test example; all layer pairs kept together,1000,approximate conditional diagnostic; no training/calibration refitting
gpt2_sst2__shared_raw,training_geometry,0.18681764768381348,0.10917301678118893,0.3586689105709079,-0.00020043296593788562,-0.000769699247769895,0.0007880972535895529,paired final-test example; all layer pairs kept together,1000,approximate conditional diagnostic; no training/calibration refitting
gpt2_sst2__shared_raw,direct_training,0.18701808064975137,0.10835240061480345,0.3588507250030195,0.0,0.0,0.0,paired final-test example; all layer pairs kept together,1000,approximate conditional diagnostic; no training/calibration refitting
gpt2_sst2__shared_raw,direct_calibration,0.25310576430761866,0.1254291427489309,0.45166903738746705,0.0660876836578673,-0.028011994309583205,0.10997633117203624,paired final-test example; all layer pairs kept together,1000,approximate conditional diagnostic; no training/calibration refitting
gpt2_sst2__shared_raw,cka_held_target,19.442278641685704,19.32981776614442,19.546055197293672,19.255260561035954,18.98021937719729,19.4338116201559,paired final-test example; all layer pairs kept together,1000,approximate conditional diagnostic; no training/calibration refitting
gpt2_sst2__shared_rms,training_geometry,0.005870051911311716,0.005917711454423712,0.01094305471097775,0.00028835984821912707,-9.927335102546752e-05,0.0003893426479667879,paired final-test example; all layer pairs kept together,1000,approximate conditional diagnostic; no training/calibration refitting
gpt2_sst2__shared_rms,direct_training,0.0055816920630925885,0.00583368723452653,0.01066912185836425,0.0,0.0,0.0,paired final-test example; all layer pairs kept together,1000,approximate conditional diagnostic; no training/calibration refitting
gpt2_sst2__shared_rms,direct_calibration,0.008330716833912004,0.007309726393555696,0.012802884739599696,0.0027490247708194153,-0.0001674764440036767,0.003699555670685343,paired final-test example; all layer pairs kept together,1000,approximate conditional diagnostic; no training/calibration refitting
gpt2_sst2__shared_rms,cka_held_target,0.12160375855614135,0.11797837813351654,0.12528104897743703,0.11602206649304876,0.10852315573126249,0.11708725697206857,paired final-test example; all layer pairs kept together,1000,approximate conditional diagnostic; no training/calibration refitting
gpt2_agnews__shared_raw,training_geometry,0.0746229541840305,0.04134197652075348,0.1423741857966999,-0.0005424037806958104,-0.0009789173667117581,-3.218443524965654e-05,paired final-test example; all layer pairs kept together,1000,approximate conditional diagnostic; no training/calibration refitting
gpt2_agnews__shared_raw,direct_training,0.07516535796472631,0.04154386370376485,0.14287420081621488,0.0,0.0,0.0,paired final-test example; all layer pairs kept together,1000,approximate conditional diagnostic; no training/calibration refitting
gpt2_agnews__shared_raw,direct_calibration,0.08147696428274587,0.0421445792211884,0.164073457967934,0.0063116063180195525,-0.026927888125073168,0.03445096561422118,paired final-test example; all layer pairs kept together,1000,approximate conditional diagnostic; no training/calibration refitting
gpt2_agnews__shared_raw,cka_held_target,4.941205629881395,4.874320972006901,5.015702683254601,4.866040271916669,4.788629145346985,4.8864289202836,paired final-test example; all layer pairs kept together,1000,approximate conditional diagnostic; no training/calibration refitting
gpt2_agnews__shared_rms,training_geometry,0.003025208332807517,0.002322654928924484,0.00615212707226146,-0.00032145504249417485,-0.0003654883678527999,-5.991169686525848e-05,paired final-test example; all layer pairs kept together,1000,approximate conditional diagnostic; no training/calibration refitting
gpt2_agnews__shared_rms,direct_training,0.003346663375301692,0.002508186252794736,0.006430354423899837,0.0,0.0,0.0,paired final-test example; all layer pairs kept together,1000,approximate conditional diagnostic; no training/calibration refitting
gpt2_agnews__shared_rms,direct_calibration,0.002249265522657596,0.0022258176174421045,0.005067578124653688,-0.001097397852644096,-0.00243376563140599,0.0009773109276356375,paired final-test example; all layer pairs kept together,1000,approximate conditional diagnostic; no training/calibration refitting
gpt2_agnews__shared_rms,cka_held_target,0.08487579022039184,0.08215183081262244,0.08772104292182492,0.08152912684509014,0.07782195832703602,0.08209838439071014,paired final-test example; all layer pairs kept together,1000,approximate conditional diagnostic; no training/calibration refitting
gpt2_cola__shared_raw,training_geometry,0.005292724001317792,0.005188435663012765,0.01935376226289954,-0.001578419907647917,-0.0020560217028908374,0.00024547427762168224,paired final-test example; all layer pairs kept together,1000,approximate conditional diagnostic; no training/calibration refitting
gpt2_cola__shared_raw,direct_training,0.006871143908965709,0.006058023416759901,0.020400837082893482,0.0,0.0,0.0,paired final-test example; all layer pairs kept together,1000,approximate conditional diagnostic; no training/calibration refitting
gpt2_cola__shared_raw,direct_calibration,0.0062660731873201226,0.005443993568632265,0.020965821982913035,-0.0006050707216455863,-0.0040985457877848845,0.0033397489163482555,paired final-test example; all layer pairs kept together,1000,approximate conditional diagnostic; no training/calibration refitting
gpt2_cola__shared_raw,cka_held_target,0.5468283757652015,0.5411443299708047,0.5532456084499134,0.5399572318562358,0.5263600448933724,0.5409281973373459,paired final-test example; all layer pairs kept together,1000,approximate conditional diagnostic; no training/calibration refitting
gpt2_cola__shared_rms,training_geometry,0.0016986759631123928,0.0015154600079210377,0.004106451492655145,-0.0009003546178863763,-0.0015318126716040749,0.0006444053787012041,paired final-test example; all layer pairs kept together,1000,approximate conditional diagnostic; no training/calibration refitting
gpt2_cola__shared_rms,direct_training,0.002599030580998769,0.0019070757512233657,0.0049907641456509964,0.0,0.0,0.0,paired final-test example; all layer pairs kept together,1000,approximate conditional diagnostic; no training/calibration refitting
gpt2_cola__shared_rms,direct_calibration,0.002454882782880199,0.0017980613329716746,0.004891565689073617,-0.00014414779811857022,-0.0023249870345458078,0.0020142071179823796,paired final-test example; all layer pairs kept together,1000,approximate conditional diagnostic; no training/calibration refitting
gpt2_cola__shared_rms,cka_held_target,0.005650794643332138,0.00520489417102094,0.007230573666613283,0.003051764062333369,0.0017783884617442501,0.003960579048148421,paired final-test example; all layer pairs kept together,1000,approximate conditional diagnostic; no training/calibration refitting
pythia_sst2__shared_raw,training_geometry,0.024502637484154592,0.020922676158602004,0.055236202784003846,0.00027309213293231355,-0.0005981025746958769,0.0006469775549036222,paired final-test example; all layer pairs kept together,1000,approximate conditional diagnostic; no training/calibration refitting
pythia_sst2__shared_raw,direct_training,0.02422954535122228,0.02098052471273566,0.05491296467185008,0.0,0.0,0.0,paired final-test example; all layer pairs kept together,1000,approximate conditional diagnostic; no training/calibration refitting
pythia_sst2__shared_raw,direct_calibration,0.02607443625746306,0.024536469207584306,0.05581592705748424,0.0018448909062407821,-0.008008047063539074,0.010991961783181167,paired final-test example; all layer pairs kept together,1000,approximate conditional diagnostic; no training/calibration refitting
pythia_sst2__shared_raw,cka_held_target,3.024060443982731,2.996621243413422,3.051193802888079,2.9998308986315085,2.9435384066602457,3.0138068665788627,paired final-test example; all layer pairs kept together,1000,approximate conditional diagnostic; no training/calibration refitting
pythia_sst2__shared_rms,training_geometry,0.005872567537203113,0.005706369655252367,0.01059025731192573,-0.00018096799143709277,-0.0005981345965015893,0.0003785728950344861,paired final-test example; all layer pairs kept together,1000,approximate conditional diagnostic; no training/calibration refitting
pythia_sst2__shared_rms,direct_training,0.006053535528640206,0.005794249009208057,0.01082310837861976,0.0,0.0,0.0,paired final-test example; all layer pairs kept together,1000,approximate conditional diagnostic; no training/calibration refitting
pythia_sst2__shared_rms,direct_calibration,0.008643869177038471,0.007173177678120108,0.013325776425062153,0.002590333648398265,-4.311850860878149e-05,0.0033751067592770923,paired final-test example; all layer pairs kept together,1000,approximate conditional diagnostic; no training/calibration refitting
pythia_sst2__shared_rms,cka_held_target,0.07491770368753417,0.07355282789258455,0.07651097405395912,0.06886416815889397,0.06416024372000559,0.06958239964320362,paired final-test example; all layer pairs kept together,1000,approximate conditional diagnostic; no training/calibration refitting
bert_sst2__shared_raw,training_geometry,0.1503540674920778,0.10969790453590073,0.3600195648347322,-0.0002732367216333742,-0.0008127610394753224,0.0005860308908681074,paired final-test example; all layer pairs kept together,1000,approximate conditional diagnostic; no training/calibration refitting
bert_sst2__shared_raw,direct_training,0.15062730421371118,0.10946163854286528,0.3598476234270166,0.0,0.0,0.0,paired final-test example; all layer pairs kept together,1000,approximate conditional diagnostic; no training/calibration refitting
bert_sst2__shared_raw,direct_calibration,0.13882233959572915,0.14242503872552928,0.31214882809593897,-0.011804964617982028,-0.1074849956305389,0.13115489951071002,paired final-test example; all layer pairs kept together,1000,approximate conditional diagnostic; no training/calibration refitting
bert_sst2__shared_raw,cka_held_target,19.33259837618339,19.177862302497726,19.5065845503261,19.18197107196968,19.00899747817202,19.186821552533896,paired final-test example; all layer pairs kept together,1000,approximate conditional diagnostic; no training/calibration refitting
bert_sst2__shared_rms,training_geometry,0.009824249019019644,0.010270834562877775,0.019738740903148526,6.28818903132683e-05,-0.0003057482973448022,0.00047730711986938726,paired final-test example; all layer pairs kept together,1000,approximate conditional diagnostic; no training/calibration refitting
bert_sst2__shared_rms,direct_training,0.009761367128706375,0.010262455685120202,0.019522047527965134,0.0,0.0,0.0,paired final-test example; all layer pairs kept together,1000,approximate conditional diagnostic; no training/calibration refitting
bert_sst2__shared_rms,direct_calibration,0.01381679086493081,0.01288694049235916,0.021958152956129736,0.0040554237362244346,-0.0036984652049672573,0.008385662038269839,paired final-test example; all layer pairs kept together,1000,approximate conditional diagnostic; no training/calibration refitting
bert_sst2__shared_rms,cka_held_target,0.4302073700601836,0.42189538027232704,0.43910965092644627,0.4204460029314772,0.407823831659213,0.4214320119381232,paired final-test example; all layer pairs kept together,1000,approximate conditional diagnostic; no training/calibration refitting
gpt2_medium_sst2__shared_raw,training_geometry,0.21490467166495908,0.14342896841929298,0.7257821346616268,0.0004690709237398505,-0.0013075644417363211,0.001300301266878158,paired final-test example; all layer pairs kept together,1000,approximate conditional diagnostic; no training/calibration refitting
gpt2_medium_sst2__shared_raw,direct_training,0.21443560074121923,0.14372751747654167,0.7248234393516921,0.0,0.0,0.0,paired final-test example; all layer pairs kept together,1000,approximate conditional diagnostic; no training/calibration refitting
gpt2_medium_sst2__shared_raw,direct_calibration,0.3902772918484208,0.21498383011844127,0.8978132305703574,0.17584169110720158,-0.02517087834879252,0.1931005843145373,paired final-test example; all layer pairs kept together,1000,approximate conditional diagnostic; no training/calibration refitting
gpt2_medium_sst2__shared_raw,cka_held_target,76.87298728440416,76.48217180129087,77.23486398042438,76.65855168366294,75.75500162214406,76.94980697766059,paired final-test example; all layer pairs kept together,1000,approximate conditional diagnostic; no training/calibration refitting
gpt2_medium_sst2__shared_rms,training_geometry,0.008527387257182132,0.007108697514647668,0.016647632839126444,-0.0003594613919473636,-0.0004917386589560398,0.00021093853454070066,paired final-test example; all layer pairs kept together,1000,approximate conditional diagnostic; no training/calibration refitting
gpt2_medium_sst2__shared_rms,direct_training,0.008886848649129496,0.007066907699134742,0.017112593901146486,0.0,0.0,0.0,paired final-test example; all layer pairs kept together,1000,approximate conditional diagnostic; no training/calibration refitting
gpt2_medium_sst2__shared_rms,direct_calibration,0.013608846654768837,0.009445718302164046,0.0216155982666685,0.004721998005639341,0.0008039198493054702,0.00527598513502415,paired final-test example; all layer pairs kept together,1000,approximate conditional diagnostic; no training/calibration refitting
gpt2_medium_sst2__shared_rms,cka_held_target,0.14687204423067396,0.14163558497651282,0.15307816313024183,0.13798519558154446,0.1320264423374833,0.13855705115545555,paired final-test example; all layer pairs kept together,1000,approximate conditional diagnostic; no training/calibration refitting
gpt2_allocine__shared_raw,training_geometry,0.0019468164680478532,0.0015703396241290224,0.008489163320087988,-0.00026897825769460005,-0.0006543883482785496,0.00027401151349484127,paired final-test example; all layer pairs kept together,1000,approximate conditional diagnostic; no training/calibration refitting
gpt2_allocine__shared_raw,direct_training,0.002215794725742453,0.0018828595238422042,0.00850705018401633,0.0,0.0,0.0,paired final-test example; all layer pairs kept together,1000,approximate conditional diagnostic; no training/calibration refitting
gpt2_allocine__shared_raw,direct_calibration,0.0022311495621195423,0.0019985854108738638,0.007905556035414275,1.535483637708909e-05,-0.0019888755583900965,0.0017392284309694806,paired final-test example; all layer pairs kept together,1000,approximate conditional diagnostic; no training/calibration refitting
gpt2_allocine__shared_raw,cka_held_target,0.14889354350028966,0.14448608338232932,0.15395718352460064,0.1466777487745472,0.13677537286280264,0.14857913460421074,paired final-test example; all layer pairs kept together,1000,approximate conditional diagnostic; no training/calibration refitting
gpt2_allocine__shared_rms,training_geometry,0.001325130214649718,0.0008828277037251311,0.0026330880927814535,-0.00027924581422376937,-0.00038646874079214925,5.459537201066001e-05,paired final-test example; all layer pairs kept together,1000,approximate conditional diagnostic; no training/calibration refitting
gpt2_allocine__shared_rms,direct_training,0.0016043760288734874,0.0010041246732367178,0.0029730489772610046,0.0,0.0,0.0,paired final-test example; all layer pairs kept together,1000,approximate conditional diagnostic; no training/calibration refitting
gpt2_allocine__shared_rms,direct_calibration,0.0011239768799580759,0.0008581743329511883,0.002440043214606973,-0.00048039914891541153,-0.0005521138622528106,6.526014957059912e-05,paired final-test example; all layer pairs kept together,1000,approximate conditional diagnostic; no training/calibration refitting
gpt2_allocine__shared_rms,cka_held_target,0.00578071758452459,0.0049586004666447,0.007096788338610824,0.0041763415556511025,0.003575169271511216,0.004362211383806961,paired final-test example; all layer pairs kept together,1000,approximate conditional diagnostic; no training/calibration refitting
gpt2_nll__shared_raw,training_geometry,0.00982999736318126,0.00363411770545372,0.027672234929597975,3.648590007033006e-05,-1.6690083903219636e-05,4.847924808066756e-05,paired final-test example; all layer pairs kept together,1000,approximate conditional diagnostic; no training/calibration refitting
gpt2_nll__shared_raw,direct_training,0.00979351146311093,0.0036303730497291393,0.02765691256113271,0.0,0.0,0.0,paired final-test example; all layer pairs kept together,1000,approximate conditional diagnostic; no training/calibration refitting
gpt2_nll__shared_raw,direct_calibration,0.0039057503369158393,0.003868558152931095,0.023135460077160833,-0.00588776112619509,-0.007486908407369318,0.007514528545833309,paired final-test example; all layer pairs kept together,1000,approximate conditional diagnostic; no training/calibration refitting
gpt2_nll__shared_raw,cka_held_target,1.1236535527953417,1.1080202766207201,1.1386724201090315,1.1138600413322308,1.0816939927869431,1.1287775871895744,paired final-test example; all layer pairs kept together,1000,approximate conditional diagnostic; no training/calibration refitting
gpt2_nll__shared_rms,training_geometry,0.0020853266885236805,0.0014352484387949711,0.011516563237516207,4.167344906660887e-05,-2.521442426837695e-05,5.036703146062875e-05,paired final-test example; all layer pairs kept together,1000,approximate conditional diagnostic; no training/calibration refitting
gpt2_nll__shared_rms,direct_training,0.0020436532394570717,0.0014184546729129428,0.011471520977931323,0.0,0.0,0.0,paired final-test example; all layer pairs kept together,1000,approximate conditional diagnostic; no training/calibration refitting
gpt2_nll__shared_rms,direct_calibration,0.001698266174420698,0.0018583016884072346,0.01119236957395444,-0.0003453870650363736,-0.0009777985983027999,0.0015686280722212245,paired final-test example; all layer pairs kept together,1000,approximate conditional diagnostic; no training/calibration refitting
gpt2_nll__shared_rms,cka_held_target,0.28853488359848173,0.280209323429096,0.29749798288111823,0.2864912303590247,0.2690404318404077,0.28988173708454956,paired final-test example; all layer pairs kept together,1000,approximate conditional diagnostic; no training/calibration refitting
