n_cal,method,action,mean_width,accepted_fraction,accepted_test_mean,geometry_raw_mae,direct_train_raw_mae,direct_cal_raw_mae,job,protocol,repeat
32,bernstein,unaligned,2.0,0.0,,0.18681764768381365,0.18701808064975114,0.6515068883539505,gpt2_sst2,shared_raw,0
32,bernstein,aligned,2.0,0.0,,0.18681764768381365,0.18701808064975114,0.6515068883539505,gpt2_sst2,shared_raw,0
32,betting,unaligned,0.9454457691996746,0.0,,0.18681764768381365,0.18701808064975114,0.6515068883539505,gpt2_sst2,shared_raw,0
32,betting,aligned,0.7761021827064917,0.0,,0.18681764768381365,0.18701808064975114,0.6515068883539505,gpt2_sst2,shared_raw,0
64,bernstein,unaligned,2.0,0.0,,0.18681764768381365,0.18701808064975114,0.6140536949461519,gpt2_sst2,shared_raw,0
64,bernstein,aligned,2.0,0.0,,0.18681764768381365,0.18701808064975114,0.6140536949461519,gpt2_sst2,shared_raw,0
64,betting,unaligned,0.6259262010617849,0.0,,0.18681764768381365,0.18701808064975114,0.6140536949461519,gpt2_sst2,shared_raw,0
64,betting,aligned,0.43915128391679237,0.0,,0.18681764768381365,0.18701808064975114,0.6140536949461519,gpt2_sst2,shared_raw,0
128,bernstein,unaligned,1.460500838734123,0.0,,0.18681764768381365,0.18701808064975114,0.5174693365306499,gpt2_sst2,shared_raw,0
128,bernstein,aligned,1.1477314357997996,0.0,,0.18681764768381365,0.18701808064975114,0.5174693365306499,gpt2_sst2,shared_raw,0
128,betting,unaligned,0.4108327899992384,0.0,,0.18681764768381365,0.18701808064975114,0.5174693365306499,gpt2_sst2,shared_raw,0
128,betting,aligned,0.2355345241883311,0.0,,0.18681764768381365,0.18701808064975114,0.5174693365306499,gpt2_sst2,shared_raw,0
256,bernstein,unaligned,0.8310477359255943,0.0,,0.18681764768381365,0.18701808064975114,0.31217758925739797,gpt2_sst2,shared_raw,0
256,bernstein,aligned,0.5819721548089083,0.0,,0.18681764768381365,0.18701808064975114,0.31217758925739797,gpt2_sst2,shared_raw,0
256,betting,unaligned,0.2816467924416374,0.0,,0.18681764768381365,0.18701808064975114,0.31217758925739797,gpt2_sst2,shared_raw,0
256,betting,aligned,0.12305156654386365,0.0,,0.18681764768381365,0.18701808064975114,0.31217758925739797,gpt2_sst2,shared_raw,0
512,bernstein,unaligned,0.47420731273521205,0.0,,0.18681764768381365,0.18701808064975114,0.44393519222334993,gpt2_sst2,shared_raw,0
512,bernstein,aligned,0.2984171091562879,0.0,,0.18681764768381365,0.18701808064975114,0.44393519222334993,gpt2_sst2,shared_raw,0
512,betting,unaligned,0.19769235009147396,0.0,,0.18681764768381365,0.18701808064975114,0.44393519222334993,gpt2_sst2,shared_raw,0
512,betting,aligned,0.06409597912219893,0.0,,0.18681764768381365,0.18701808064975114,0.44393519222334993,gpt2_sst2,shared_raw,0
1024,bernstein,unaligned,0.27967324791346837,0.0,,0.18681764768381365,0.18701808064975114,0.409355151180936,gpt2_sst2,shared_raw,0
1024,bernstein,aligned,0.15442424193559934,0.0,,0.18681764768381365,0.18701808064975114,0.409355151180936,gpt2_sst2,shared_raw,0
1024,betting,unaligned,0.14028410421060195,0.0,,0.18681764768381365,0.18701808064975114,0.409355151180936,gpt2_sst2,shared_raw,0
1024,betting,aligned,0.03378222277839968,0.36363636363636365,0.002096619595762739,0.18681764768381365,0.18701808064975114,0.409355151180936,gpt2_sst2,shared_raw,0
2048,bernstein,unaligned,0.16930290776835794,0.0,,0.18681764768381365,0.18701808064975114,0.2685098368625773,gpt2_sst2,shared_raw,0
2048,bernstein,aligned,0.08087566431092602,0.0,,0.18681764768381365,0.18701808064975114,0.2685098368625773,gpt2_sst2,shared_raw,0
2048,betting,unaligned,0.09889549997624823,0.0,,0.18681764768381365,0.18701808064975114,0.2685098368625773,gpt2_sst2,shared_raw,0
2048,betting,aligned,0.01836458480526441,0.75,0.0036073027462144884,0.18681764768381365,0.18701808064975114,0.2685098368625773,gpt2_sst2,shared_raw,0
3000,bernstein,unaligned,0.12999871380160027,0.0,,0.18681764768381365,0.18701808064975114,0.2531057643076192,gpt2_sst2,shared_raw,0
3000,bernstein,aligned,0.05705972917842045,0.0,,0.18681764768381365,0.18701808064975114,0.2531057643076192,gpt2_sst2,shared_raw,0
3000,betting,unaligned,0.08160406507963533,0.0,,0.18681764768381365,0.18701808064975114,0.2531057643076192,gpt2_sst2,shared_raw,0
3000,betting,aligned,0.013478216217415386,0.7651515151515151,0.0037468234381805346,0.18681764768381365,0.18701808064975114,0.2531057643076192,gpt2_sst2,shared_raw,0
32,bernstein,unaligned,2.0,0.0,,0.0058700519113117034,0.005581692063092576,0.05690171912046717,gpt2_sst2,shared_rms,0
32,bernstein,aligned,2.0,0.0,,0.0058700519113117034,0.005581692063092576,0.05690171912046717,gpt2_sst2,shared_rms,0
32,betting,unaligned,0.8258555745476659,0.0,,0.0058700519113117034,0.005581692063092576,0.05690171912046717,gpt2_sst2,shared_rms,0
32,betting,aligned,0.7762608549388516,0.0,,0.0058700519113117034,0.005581692063092576,0.05690171912046717,gpt2_sst2,shared_rms,0
64,bernstein,unaligned,2.0,0.0,,0.0058700519113117034,0.005581692063092576,0.04939654882274393,gpt2_sst2,shared_rms,0
64,bernstein,aligned,2.0,0.0,,0.0058700519113117034,0.005581692063092576,0.04939654882274393,gpt2_sst2,shared_rms,0
64,betting,unaligned,0.5068332562923663,0.0,,0.0058700519113117034,0.005581692063092576,0.04939654882274393,gpt2_sst2,shared_rms,0
64,betting,aligned,0.43933959046466264,0.0,,0.0058700519113117034,0.005581692063092576,0.04939654882274393,gpt2_sst2,shared_rms,0
128,bernstein,unaligned,1.3453559984208723,0.0,,0.0058700519113117034,0.005581692063092576,0.02631482020182458,gpt2_sst2,shared_rms,0
128,bernstein,aligned,1.1471461897486301,0.0,,0.0058700519113117034,0.005581692063092576,0.02631482020182458,gpt2_sst2,shared_rms,0
128,betting,unaligned,0.3064709129176856,0.0,,0.0058700519113117034,0.005581692063092576,0.02631482020182458,gpt2_sst2,shared_rms,0
128,betting,aligned,0.23550223523935446,0.0,,0.0058700519113117034,0.005581692063092576,0.02631482020182458,gpt2_sst2,shared_rms,0
256,bernstein,unaligned,0.7190905035116834,0.0,,0.0058700519113117034,0.005581692063092576,0.015757925639049594,gpt2_sst2,shared_rms,0
256,bernstein,aligned,0.5812121252413468,0.0,,0.0058700519113117034,0.005581692063092576,0.015757925639049594,gpt2_sst2,shared_rms,0
256,betting,unaligned,0.19089305999306927,0.0,,0.0058700519113117034,0.005581692063092576,0.015757925639049594,gpt2_sst2,shared_rms,0
256,betting,aligned,0.12299239237753765,0.0,,0.0058700519113117034,0.005581692063092576,0.015757925639049594,gpt2_sst2,shared_rms,0
512,bernstein,unaligned,0.3951553092099055,0.0,,0.0058700519113117034,0.005581692063092576,0.017221479314990313,gpt2_sst2,shared_rms,0
512,bernstein,aligned,0.2977054954332815,0.0,,0.0058700519113117034,0.005581692063092576,0.017221479314990313,gpt2_sst2,shared_rms,0
512,betting,unaligned,0.12659628320039756,0.0,,0.0058700519113117034,0.005581692063092576,0.017221479314990313,gpt2_sst2,shared_rms,0
512,betting,aligned,0.06401662133551629,0.0,,0.0058700519113117034,0.005581692063092576,0.017221479314990313,gpt2_sst2,shared_rms,0
1024,bernstein,unaligned,0.22267153187084648,0.0,,0.0058700519113117034,0.005581692063092576,0.013118447867448884,gpt2_sst2,shared_rms,0
1024,bernstein,aligned,0.15371976076284802,0.0,,0.0058700519113117034,0.005581692063092576,0.013118447867448884,gpt2_sst2,shared_rms,0
1024,betting,unaligned,0.08648149192110093,0.0,,0.0058700519113117034,0.005581692063092576,0.013118447867448884,gpt2_sst2,shared_rms,0
1024,betting,aligned,0.03363064583468121,0.3939393939393939,0.001667649928624141,0.0058700519113117034,0.005581692063092576,0.013118447867448884,gpt2_sst2,shared_rms,0
2048,bernstein,unaligned,0.12917706051102268,0.0,,0.0058700519113117034,0.005581692063092576,0.008653304654033954,gpt2_sst2,shared_rms,0
2048,bernstein,aligned,0.0803835573157685,0.0,,0.0058700519113117034,0.005581692063092576,0.008653304654033954,gpt2_sst2,shared_rms,0
2048,betting,unaligned,0.060272909693925285,0.030303030303030304,0.006533837415346584,0.0058700519113117034,0.005581692063092576,0.008653304654033954,gpt2_sst2,shared_rms,0
2048,betting,aligned,0.018215026057188163,0.7424242424242424,0.003392331598011468,0.0058700519113117034,0.005581692063092576,0.008653304654033954,gpt2_sst2,shared_rms,0
3000,bernstein,unaligned,0.09671624646136966,0.0,,0.0058700519113117034,0.005581692063092576,0.008330716833911987,gpt2_sst2,shared_rms,0
3000,bernstein,aligned,0.056659658503806276,0.0,,0.0058700519113117034,0.005581692063092576,0.008330716833911987,gpt2_sst2,shared_rms,0
3000,betting,unaligned,0.04939333040761774,0.030303030303030304,0.006533837415346584,0.0058700519113117034,0.005581692063092576,0.008330716833911987,gpt2_sst2,shared_rms,0
3000,betting,aligned,0.013329848512126553,0.7803030303030303,0.003708272857609234,0.0058700519113117034,0.005581692063092576,0.008330716833911987,gpt2_sst2,shared_rms,0
32,bernstein,unaligned,2.0,0.0,,0.0746229541840305,0.07516535796472633,0.38678054670131934,gpt2_agnews,shared_raw,0
32,bernstein,aligned,2.0,0.0,,0.0746229541840305,0.07516535796472633,0.38678054670131934,gpt2_agnews,shared_raw,0
32,betting,unaligned,0.8005447733702926,0.0,,0.0746229541840305,0.07516535796472633,0.38678054670131934,gpt2_agnews,shared_raw,0
32,betting,aligned,0.775260189505802,0.0,,0.0746229541840305,0.07516535796472633,0.38678054670131934,gpt2_agnews,shared_raw,0
64,bernstein,unaligned,1.999703283566618,0.0,,0.0746229541840305,0.07516535796472633,0.2546084952964644,gpt2_agnews,shared_raw,0
64,bernstein,aligned,2.0,0.0,,0.0746229541840305,0.07516535796472633,0.2546084952964644,gpt2_agnews,shared_raw,0
64,betting,unaligned,0.45993441143709235,0.0,,0.0746229541840305,0.07516535796472633,0.2546084952964644,gpt2_agnews,shared_raw,0
64,betting,aligned,0.437586842786638,0.0,,0.0746229541840305,0.07516535796472633,0.2546084952964644,gpt2_agnews,shared_raw,0
128,bernstein,unaligned,1.2271473319772574,0.0,,0.0746229541840305,0.07516535796472633,0.13796185063410846,gpt2_agnews,shared_raw,0
128,bernstein,aligned,1.1208833818838828,0.0,,0.0746229541840305,0.07516535796472633,0.13796185063410846,gpt2_agnews,shared_raw,0
128,betting,unaligned,0.2604891425789075,0.0,,0.0746229541840305,0.07516535796472633,0.13796185063410846,gpt2_agnews,shared_raw,0
128,betting,aligned,0.2337761726531343,0.0,,0.0746229541840305,0.07516535796472633,0.13796185063410846,gpt2_agnews,shared_raw,0
256,bernstein,unaligned,0.6399276569614637,0.0,,0.0746229541840305,0.07516535796472633,0.19649943055248786,gpt2_agnews,shared_raw,0
256,bernstein,aligned,0.5638587705109722,0.0,,0.0746229541840305,0.07516535796472633,0.19649943055248786,gpt2_agnews,shared_raw,0
256,betting,unaligned,0.14758579009691003,0.0,,0.0746229541840305,0.07516535796472633,0.19649943055248786,gpt2_agnews,shared_raw,0
256,betting,aligned,0.12128331625883054,0.0,,0.0746229541840305,0.07516535796472633,0.19649943055248786,gpt2_agnews,shared_raw,0
512,bernstein,unaligned,0.33543194176061303,0.0,,0.0746229541840305,0.07516535796472633,0.13475071402916186,gpt2_agnews,shared_raw,0
512,bernstein,aligned,0.2843685176000798,0.0,,0.0746229541840305,0.07516535796472633,0.13475071402916186,gpt2_agnews,shared_raw,0
512,betting,unaligned,0.08523518878538391,0.0,,0.0746229541840305,0.07516535796472633,0.13475071402916186,gpt2_agnews,shared_raw,0
512,betting,aligned,0.06201416550853041,0.0,,0.0746229541840305,0.07516535796472633,0.13475071402916186,gpt2_agnews,shared_raw,0
1024,bernstein,unaligned,0.18241908103943566,0.0,,0.0746229541840305,0.07516535796472633,0.04397252145370717,gpt2_agnews,shared_raw,0
1024,bernstein,aligned,0.1449083607601295,0.0,,0.0746229541840305,0.07516535796472633,0.04397252145370717,gpt2_agnews,shared_raw,0
1024,betting,unaligned,0.05362194981502067,0.16666666666666666,-0.002746257997399233,0.0746229541840305,0.07516535796472633,0.04397252145370717,gpt2_agnews,shared_raw,0
1024,betting,aligned,0.03170477631443425,0.6363636363636364,0.0018773482139061918,0.0746229541840305,0.07516535796472633,0.04397252145370717,gpt2_agnews,shared_raw,0
2048,bernstein,unaligned,0.1012479729449493,0.0,,0.0746229541840305,0.07516535796472633,0.05474726333194105,gpt2_agnews,shared_raw,0
2048,bernstein,aligned,0.07456951200041548,0.0,,0.0746229541840305,0.07516535796472633,0.05474726333194105,gpt2_agnews,shared_raw,0
2048,betting,unaligned,0.03521826759402536,0.25,-0.00016367693869705053,0.0746229541840305,0.07516535796472633,0.05474726333194105,gpt2_agnews,shared_raw,0
2048,betting,aligned,0.016395107988390726,0.8106060606060606,0.0027953428629954786,0.0746229541840305,0.07516535796472633,0.05474726333194105,gpt2_agnews,shared_raw,0
3000,bernstein,unaligned,0.073855226377468,0.0,,0.0746229541840305,0.07516535796472633,0.08147696428274588,gpt2_agnews,shared_raw,0
3000,bernstein,aligned,0.051599536040493846,0.0,,0.0746229541840305,0.07516535796472633,0.08147696428274588,gpt2_agnews,shared_raw,0
3000,betting,unaligned,0.02829858487425416,0.2727272727272727,0.000694630841949884,0.0746229541840305,0.07516535796472633,0.08147696428274588,gpt2_agnews,shared_raw,0
3000,betting,aligned,0.011407379064401153,0.8712121212121212,0.003356388916490923,0.0746229541840305,0.07516535796472633,0.08147696428274588,gpt2_agnews,shared_raw,0
32,bernstein,unaligned,2.0,0.0,,0.0030252083328075356,0.003346663375301707,0.015056649083832375,gpt2_agnews,shared_rms,0
32,bernstein,aligned,2.0,0.0,,0.0030252083328075356,0.003346663375301707,0.015056649083832375,gpt2_agnews,shared_rms,0
32,betting,unaligned,0.7803797878401714,0.0,,0.0030252083328075356,0.003346663375301707,0.015056649083832375,gpt2_agnews,shared_rms,0
32,betting,aligned,0.7750868872834403,0.0,,0.0030252083328075356,0.003346663375301707,0.015056649083832375,gpt2_agnews,shared_rms,0
64,bernstein,unaligned,2.0,0.0,,0.0030252083328075356,0.003346663375301707,0.007906851006338164,gpt2_agnews,shared_rms,0
64,bernstein,aligned,2.0,0.0,,0.0030252083328075356,0.003346663375301707,0.007906851006338164,gpt2_agnews,shared_rms,0
64,betting,unaligned,0.4416447299644267,0.0,,0.0030252083328075356,0.003346663375301707,0.007906851006338164,gpt2_agnews,shared_rms,0
64,betting,aligned,0.4374915686601691,0.0,,0.0030252083328075356,0.003346663375301707,0.007906851006338164,gpt2_agnews,shared_rms,0
128,bernstein,unaligned,1.1649841884803191,0.0,,0.0030252083328075356,0.003346663375301707,0.0068967851771015954,gpt2_agnews,shared_rms,0
128,bernstein,aligned,1.1189313582130758,0.0,,0.0030252083328075356,0.003346663375301707,0.0068967851771015954,gpt2_agnews,shared_rms,0
128,betting,unaligned,0.23934347476736575,0.0,,0.0030252083328075356,0.003346663375301707,0.0068967851771015954,gpt2_agnews,shared_rms,0
128,betting,aligned,0.2336178752337384,0.0,,0.0030252083328075356,0.003346663375301707,0.0068967851771015954,gpt2_agnews,shared_rms,0
256,bernstein,unaligned,0.5970788083150479,0.0,,0.0030252083328075356,0.003346663375301707,0.006555278631606342,gpt2_agnews,shared_rms,0
256,bernstein,aligned,0.5617575851852609,0.0,,0.0030252083328075356,0.003346663375301707,0.006555278631606342,gpt2_agnews,shared_rms,0
256,betting,unaligned,0.12778284369552706,0.0,,0.0030252083328075356,0.003346663375301707,0.006555278631606342,gpt2_agnews,shared_rms,0
256,betting,aligned,0.12107601238417512,0.0,,0.0030252083328075356,0.003346663375301707,0.006555278631606342,gpt2_agnews,shared_rms,0
512,bernstein,unaligned,0.3061015908205671,0.0,,0.0030252083328075356,0.003346663375301707,0.008983490855675581,gpt2_agnews,shared_rms,0
512,bernstein,aligned,0.28265822419433984,0.0,,0.0030252083328075356,0.003346663375301707,0.008983490855675581,gpt2_agnews,shared_rms,0
512,betting,unaligned,0.0679651242001207,0.0,,0.0030252083328075356,0.003346663375301707,0.008983490855675581,gpt2_agnews,shared_rms,0
512,betting,aligned,0.061780649005992345,0.0,,0.0030252083328075356,0.003346663375301707,0.008983490855675581,gpt2_agnews,shared_rms,0
1024,bernstein,unaligned,0.16195259271543058,0.0,,0.0030252083328075356,0.003346663375301707,0.0024699242962429673,gpt2_agnews,shared_rms,0
1024,bernstein,aligned,0.14390090199681677,0.0,,0.0030252083328075356,0.003346663375301707,0.0024699242962429673,gpt2_agnews,shared_rms,0
1024,betting,unaligned,0.03859687775057506,0.22727272727272727,0.0009952181081190538,0.0030252083328075356,0.003346663375301707,0.0024699242962429673,gpt2_agnews,shared_rms,0
1024,betting,aligned,0.03147401528539459,0.6893939393939394,0.0018058024506175383,0.0030252083328075356,0.003346663375301707,0.0024699242962429673,gpt2_agnews,shared_rms,0
2048,bernstein,unaligned,0.08675108735719847,0.0,,0.0030252083328075356,0.003346663375301707,0.0026961396623914964,gpt2_agnews,shared_rms,0
2048,bernstein,aligned,0.07369565812665575,0.0,,0.0030252083328075356,0.003346663375301707,0.0026961396623914964,gpt2_agnews,shared_rms,0
2048,betting,unaligned,0.022976495441153846,0.4318181818181818,0.0036010963215555272,0.0030252083328075356,0.003346663375301707,0.0026961396623914964,gpt2_agnews,shared_rms,0
2048,betting,aligned,0.01612746498584315,0.8939393939393939,0.002920060525475377,0.0030252083328075356,0.003346663375301707,0.0026961396623914964,gpt2_agnews,shared_rms,0
3000,bernstein,unaligned,0.06194079292930128,0.0,,0.0030252083328075356,0.003346663375301707,0.0022492655226575954,gpt2_agnews,shared_rms,0
3000,bernstein,aligned,0.050939811408795735,0.0,,0.0030252083328075356,0.003346663375301707,0.0022492655226575954,gpt2_agnews,shared_rms,0
3000,betting,unaligned,0.017690854189409452,0.4621212121212121,0.004103806010113699,0.0030252083328075356,0.003346663375301707,0.0022492655226575954,gpt2_agnews,shared_rms,0
3000,betting,aligned,0.01116853133967335,0.9242424242424242,0.0031894700933066153,0.0030252083328075356,0.003346663375301707,0.0022492655226575954,gpt2_agnews,shared_rms,0
32,bernstein,unaligned,2.0,0.0,,0.005292724001317792,0.006871143908965723,0.08352747633151224,gpt2_cola,shared_raw,0
32,bernstein,aligned,2.0,0.0,,0.005292724001317792,0.006871143908965723,0.08352747633151224,gpt2_cola,shared_raw,0
32,betting,unaligned,0.8176057638501141,0.0,,0.005292724001317792,0.006871143908965723,0.08352747633151224,gpt2_cola,shared_raw,0
32,betting,aligned,0.7718860841469546,0.0,,0.005292724001317792,0.006871143908965723,0.08352747633151224,gpt2_cola,shared_raw,0
64,bernstein,unaligned,2.0,0.0,,0.005292724001317792,0.006871143908965723,0.0490419831636672,gpt2_cola,shared_raw,0
64,bernstein,aligned,2.0,0.0,,0.005292724001317792,0.006871143908965723,0.0490419831636672,gpt2_cola,shared_raw,0
64,betting,unaligned,0.48249401647973916,0.0,,0.005292724001317792,0.006871143908965723,0.0490419831636672,gpt2_cola,shared_raw,0
64,betting,aligned,0.4363331464941108,0.0,,0.005292724001317792,0.006871143908965723,0.0490419831636672,gpt2_cola,shared_raw,0
128,bernstein,unaligned,1.2505776776615645,0.0,,0.005292724001317792,0.006871143908965723,0.04117999602464758,gpt2_cola,shared_raw,0
128,bernstein,aligned,1.1386669362311057,0.0,,0.005292724001317792,0.006871143908965723,0.04117999602464758,gpt2_cola,shared_raw,0
128,betting,unaligned,0.2771608429352592,0.0,,0.005292724001317792,0.006871143908965723,0.04117999602464758,gpt2_cola,shared_raw,0
128,betting,aligned,0.2342279393393586,0.0,,0.005292724001317792,0.006871143908965723,0.04117999602464758,gpt2_cola,shared_raw,0
256,bernstein,unaligned,0.6609137717566553,0.0,,0.005292724001317792,0.006871143908965723,0.03931280585913377,gpt2_cola,shared_raw,0
256,bernstein,aligned,0.576797514617072,0.0,,0.005292724001317792,0.006871143908965723,0.03931280585913377,gpt2_cola,shared_raw,0
256,betting,unaligned,0.16175382432166688,0.0,,0.005292724001317792,0.006871143908965723,0.03931280585913377,gpt2_cola,shared_raw,0
256,betting,aligned,0.12241435972354145,0.0,,0.005292724001317792,0.006871143908965723,0.03931280585913377,gpt2_cola,shared_raw,0
512,bernstein,unaligned,0.3525137087414828,0.0,,0.005292724001317792,0.006871143908965723,0.027324171044696425,gpt2_cola,shared_raw,0
512,bernstein,aligned,0.29442201071231044,0.0,,0.005292724001317792,0.006871143908965723,0.027324171044696425,gpt2_cola,shared_raw,0
512,betting,unaligned,0.09815963949398737,0.0,,0.005292724001317792,0.006871143908965723,0.027324171044696425,gpt2_cola,shared_raw,0
512,betting,aligned,0.06363606322327431,0.0,,0.005292724001317792,0.006871143908965723,0.027324171044696425,gpt2_cola,shared_raw,0
1024,bernstein,unaligned,0.1937676680900496,0.0,,0.005292724001317792,0.006871143908965723,0.015786411480378966,gpt2_cola,shared_raw,0
1024,bernstein,aligned,0.1524575652419166,0.0,,0.005292724001317792,0.006871143908965723,0.015786411480378966,gpt2_cola,shared_raw,0
1024,betting,unaligned,0.0634673903823017,0.2196969696969697,0.0031768038440981037,0.005292724001317792,0.006871143908965723,0.015786411480378966,gpt2_cola,shared_raw,0
1024,betting,aligned,0.0336811766397163,0.7575757575757576,0.001314378352673157,0.005292724001317792,0.006871143908965723,0.015786411480378966,gpt2_cola,shared_raw,0
1500,bernstein,unaligned,0.14137886717023343,0.0,,0.005292724001317792,0.006871143908965723,0.006266073187320116,gpt2_cola,shared_raw,0
1500,bernstein,aligned,0.10702832870496116,0.0,,0.005292724001317792,0.006871143908965723,0.006266073187320116,gpt2_cola,shared_raw,0
1500,betting,unaligned,0.051267460794241,0.3181818181818182,0.004022414480792458,0.005292724001317792,0.006871143908965723,0.006266073187320116,gpt2_cola,shared_raw,0
1500,betting,aligned,0.024290275769200172,0.8257575757575758,0.0017965700625855497,0.005292724001317792,0.006871143908965723,0.006266073187320116,gpt2_cola,shared_raw,0
32,bernstein,unaligned,2.0,0.0,,0.0016986759631123943,0.002599030580998783,0.019408470929159843,gpt2_cola,shared_rms,0
32,bernstein,aligned,2.0,0.0,,0.0016986759631123943,0.002599030580998783,0.019408470929159843,gpt2_cola,shared_rms,0
32,betting,unaligned,0.7751505964144157,0.0,,0.0016986759631123943,0.002599030580998783,0.019408470929159843,gpt2_cola,shared_rms,0
32,betting,aligned,0.7721906483405319,0.0,,0.0016986759631123943,0.002599030580998783,0.019408470929159843,gpt2_cola,shared_rms,0
64,bernstein,unaligned,2.0,0.0,,0.0016986759631123943,0.002599030580998783,0.012005488018423717,gpt2_cola,shared_rms,0
64,bernstein,aligned,2.0,0.0,,0.0016986759631123943,0.002599030580998783,0.012005488018423717,gpt2_cola,shared_rms,0
64,betting,unaligned,0.44292959094370116,0.0,,0.0016986759631123943,0.002599030580998783,0.012005488018423717,gpt2_cola,shared_rms,0
64,betting,aligned,0.4370917923392743,0.0,,0.0016986759631123943,0.002599030580998783,0.012005488018423717,gpt2_cola,shared_rms,0
128,bernstein,unaligned,1.1749907411608855,0.0,,0.0016986759631123943,0.002599030580998783,0.007598274949317916,gpt2_cola,shared_rms,0
128,bernstein,aligned,1.141808643777079,0.0,,0.0016986759631123943,0.002599030580998783,0.007598274949317916,gpt2_cola,shared_rms,0
128,betting,unaligned,0.23925813921491543,0.0,,0.0016986759631123943,0.002599030580998783,0.007598274949317916,gpt2_cola,shared_rms,0
128,betting,aligned,0.23465536360730987,0.0,,0.0016986759631123943,0.002599030580998783,0.007598274949317916,gpt2_cola,shared_rms,0
256,bernstein,unaligned,0.600744692013489,0.0,,0.0016986759631123943,0.002599030580998783,0.004770188017350111,gpt2_cola,shared_rms,0
256,bernstein,aligned,0.5793145319439228,0.0,,0.0016986759631123943,0.002599030580998783,0.004770188017350111,gpt2_cola,shared_rms,0
256,betting,unaligned,0.12729879579593684,0.0,,0.0016986759631123943,0.002599030580998783,0.004770188017350111,gpt2_cola,shared_rms,0
256,betting,aligned,0.12287365461573548,0.0,,0.0016986759631123943,0.002599030580998783,0.004770188017350111,gpt2_cola,shared_rms,0
512,bernstein,unaligned,0.31238367705736814,0.0,,0.0016986759631123943,0.002599030580998783,0.004500949027826885,gpt2_cola,shared_rms,0
512,bernstein,aligned,0.2957073868747889,0.0,,0.0016986759631123943,0.002599030580998783,0.004500949027826885,gpt2_cola,shared_rms,0
512,betting,unaligned,0.06911773120665396,0.0,,0.0016986759631123943,0.002599030580998783,0.004500949027826885,gpt2_cola,shared_rms,0
512,betting,aligned,0.06399221430640892,0.0,,0.0016986759631123943,0.002599030580998783,0.004500949027826885,gpt2_cola,shared_rms,0
1024,bernstein,unaligned,0.16498958221372462,0.0,,0.0016986759631123943,0.002599030580998783,0.0028751709778958292,gpt2_cola,shared_rms,0
1024,bernstein,aligned,0.15326668542727984,0.0,,0.0016986759631123943,0.002599030580998783,0.0028751709778958292,gpt2_cola,shared_rms,0
1024,betting,unaligned,0.03934772194191861,0.23484848484848486,0.002037685220346271,0.0016986759631123943,0.002599030580998783,0.0028751709778958292,gpt2_cola,shared_rms,0
1024,betting,aligned,0.034043759633718626,0.7575757575757576,0.0013085843557527654,0.0016986759631123943,0.002599030580998783,0.0028751709778958292,gpt2_cola,shared_rms,0
1500,bernstein,unaligned,0.11754326009001287,0.0,,0.0016986759631123943,0.002599030580998783,0.00245488278288018,gpt2_cola,shared_rms,0
1500,bernstein,aligned,0.10763822692338801,0.0,,0.0016986759631123943,0.002599030580998783,0.00245488278288018,gpt2_cola,shared_rms,0
1500,betting,unaligned,0.030136943042056042,0.3409090909090909,0.0032721476373675394,0.0016986759631123943,0.002599030580998783,0.00245488278288018,gpt2_cola,shared_rms,0
1500,betting,aligned,0.024601587018354843,0.7954545454545454,0.001550175858476427,0.0016986759631123943,0.002599030580998783,0.00245488278288018,gpt2_cola,shared_rms,0
32,bernstein,unaligned,2.0,0.0,,0.02450263748415455,0.024229545351222296,0.210576435812155,pythia_sst2,shared_raw,0
32,bernstein,aligned,2.0,0.0,,0.02450263748415455,0.024229545351222296,0.210576435812155,pythia_sst2,shared_raw,0
32,betting,unaligned,0.9051261548633412,0.0,,0.02450263748415455,0.024229545351222296,0.210576435812155,pythia_sst2,shared_raw,0
32,betting,aligned,0.7773480996680022,0.0,,0.02450263748415455,0.024229545351222296,0.210576435812155,pythia_sst2,shared_raw,0
64,bernstein,unaligned,2.0,0.0,,0.02450263748415455,0.024229545351222296,0.16226989453839288,pythia_sst2,shared_raw,0
64,bernstein,aligned,2.0,0.0,,0.02450263748415455,0.024229545351222296,0.16226989453839288,pythia_sst2,shared_raw,0
64,betting,unaligned,0.5868849603612034,0.0,,0.02450263748415455,0.024229545351222296,0.16226989453839288,pythia_sst2,shared_raw,0
64,betting,aligned,0.44063316332887387,0.0,,0.02450263748415455,0.024229545351222296,0.16226989453839288,pythia_sst2,shared_raw,0
128,bernstein,unaligned,1.4327369861486656,0.0,,0.02450263748415455,0.024229545351222296,0.17202676861610333,pythia_sst2,shared_raw,0
128,bernstein,aligned,1.1581084664234231,0.0,,0.02450263748415455,0.024229545351222296,0.17202676861610333,pythia_sst2,shared_raw,0
128,betting,unaligned,0.38033328713947523,0.0,,0.02450263748415455,0.024229545351222296,0.17202676861610333,pythia_sst2,shared_raw,0
128,betting,aligned,0.23680786266755383,0.0,,0.02450263748415455,0.024229545351222296,0.17202676861610333,pythia_sst2,shared_raw,0
256,bernstein,unaligned,0.8038076298734237,0.0,,0.02450263748415455,0.024229545351222296,0.09657466689803963,pythia_sst2,shared_raw,0
256,bernstein,aligned,0.5914528065179109,0.0,,0.02450263748415455,0.024229545351222296,0.09657466689803963,pythia_sst2,shared_raw,0
256,betting,unaligned,0.2596887609685258,0.0,,0.02450263748415455,0.024229545351222296,0.09657466689803963,pythia_sst2,shared_raw,0
256,betting,aligned,0.12485606456219543,0.0,,0.02450263748415455,0.024229545351222296,0.09657466689803963,pythia_sst2,shared_raw,0
512,bernstein,unaligned,0.45536218200183676,0.0,,0.02450263748415455,0.024229545351222296,0.046465945463280194,pythia_sst2,shared_raw,0
512,bernstein,aligned,0.3044033221324494,0.0,,0.02450263748415455,0.024229545351222296,0.046465945463280194,pythia_sst2,shared_raw,0
512,betting,unaligned,0.18044783366228026,0.0,,0.02450263748415455,0.024229545351222296,0.046465945463280194,pythia_sst2,shared_raw,0
512,betting,aligned,0.06563928648745676,0.0,,0.02450263748415455,0.024229545351222296,0.046465945463280194,pythia_sst2,shared_raw,0
1024,bernstein,unaligned,0.26552918011846194,0.0,,0.02450263748415455,0.024229545351222296,0.03841586576842955,pythia_sst2,shared_raw,0
1024,bernstein,aligned,0.15895513858670168,0.0,,0.02450263748415455,0.024229545351222296,0.03841586576842955,pythia_sst2,shared_raw,0
1024,betting,unaligned,0.12684782429030086,0.0,,0.02450263748415455,0.024229545351222296,0.03841586576842955,pythia_sst2,shared_raw,0
1024,betting,aligned,0.035487697086423534,0.20454545454545456,0.002686764011352926,0.02450263748415455,0.024229545351222296,0.03841586576842955,pythia_sst2,shared_raw,0
2048,bernstein,unaligned,0.15914314945139635,0.0,,0.02450263748415455,0.024229545351222296,0.034533335696059285,pythia_sst2,shared_raw,0
2048,bernstein,aligned,0.08381335527175117,0.0,,0.02450263748415455,0.024229545351222296,0.034533335696059285,pythia_sst2,shared_raw,0
2048,betting,unaligned,0.08908920002101116,0.007575757575757576,0.005976490686461555,0.02450263748415455,0.024229545351222296,0.034533335696059285,pythia_sst2,shared_raw,0
2048,betting,aligned,0.01987734449380007,0.7348484848484849,0.004787152764267569,0.02450263748415455,0.024229545351222296,0.034533335696059285,pythia_sst2,shared_raw,0
3000,bernstein,unaligned,0.12173924886506965,0.0,,0.02450263748415455,0.024229545351222296,0.026074436257463033,pythia_sst2,shared_raw,0
3000,bernstein,aligned,0.05939297227424601,0.0,,0.02450263748415455,0.024229545351222296,0.026074436257463033,pythia_sst2,shared_raw,0
3000,betting,unaligned,0.07359227546046233,0.007575757575757576,0.005976490686461555,0.02450263748415455,0.024229545351222296,0.026074436257463033,pythia_sst2,shared_raw,0
3000,betting,aligned,0.014917568931526726,0.7727272727272727,0.005043304007414251,0.02450263748415455,0.024229545351222296,0.026074436257463033,pythia_sst2,shared_raw,0
32,bernstein,unaligned,2.0,0.0,,0.005872567537203115,0.006053535528640217,0.044408703502446835,pythia_sst2,shared_rms,0
32,bernstein,aligned,2.0,0.0,,0.005872567537203115,0.006053535528640217,0.044408703502446835,pythia_sst2,shared_rms,0
32,betting,unaligned,0.8304003556421583,0.0,,0.005872567537203115,0.006053535528640217,0.044408703502446835,pythia_sst2,shared_rms,0
32,betting,aligned,0.7770451176702133,0.0,,0.005872567537203115,0.006053535528640217,0.044408703502446835,pythia_sst2,shared_rms,0
64,bernstein,unaligned,2.0,0.0,,0.005872567537203115,0.006053535528640217,0.045029464094010895,pythia_sst2,shared_rms,0
64,bernstein,aligned,2.0,0.0,,0.005872567537203115,0.006053535528640217,0.045029464094010895,pythia_sst2,shared_rms,0
64,betting,unaligned,0.5030140902562739,0.0,,0.005872567537203115,0.006053535528640217,0.045029464094010895,pythia_sst2,shared_rms,0
64,betting,aligned,0.4405142356002519,0.0,,0.005872567537203115,0.006053535528640217,0.045029464094010895,pythia_sst2,shared_rms,0
128,bernstein,unaligned,1.3473613143564798,0.0,,0.005872567537203115,0.006053535528640217,0.02671161217658456,pythia_sst2,shared_rms,0
128,bernstein,aligned,1.1581003265878949,0.0,,0.005872567537203115,0.006053535528640217,0.02671161217658456,pythia_sst2,shared_rms,0
128,betting,unaligned,0.30717277150914457,0.0,,0.005872567537203115,0.006053535528640217,0.02671161217658456,pythia_sst2,shared_rms,0
128,betting,aligned,0.23676904424714987,0.0,,0.005872567537203115,0.006053535528640217,0.02671161217658456,pythia_sst2,shared_rms,0
256,bernstein,unaligned,0.7230995901891213,0.0,,0.005872567537203115,0.006053535528640217,0.017407630678472903,pythia_sst2,shared_rms,0
256,bernstein,aligned,0.5910084919288802,0.0,,0.005872567537203115,0.006053535528640217,0.017407630678472903,pythia_sst2,shared_rms,0
256,betting,unaligned,0.19356634142615914,0.0,,0.005872567537203115,0.006053535528640217,0.017407630678472903,pythia_sst2,shared_rms,0
256,betting,aligned,0.12480530122168905,0.0,,0.005872567537203115,0.006053535528640217,0.017407630678472903,pythia_sst2,shared_rms,0
512,bernstein,unaligned,0.39794368118548956,0.0,,0.005872567537203115,0.006053535528640217,0.012121980876676723,pythia_sst2,shared_rms,0
512,bernstein,aligned,0.30405096021206174,0.0,,0.005872567537203115,0.006053535528640217,0.012121980876676723,pythia_sst2,shared_rms,0
512,betting,unaligned,0.1282454248142158,0.0,,0.005872567537203115,0.006053535528640217,0.012121980876676723,pythia_sst2,shared_rms,0
512,betting,aligned,0.0655777088019077,0.0,,0.005872567537203115,0.006053535528640217,0.012121980876676723,pythia_sst2,shared_rms,0
1024,bernstein,unaligned,0.22454009631352373,0.0,,0.005872567537203115,0.006053535528640217,0.008637501385717922,pythia_sst2,shared_rms,0
1024,bernstein,aligned,0.15851245773751155,0.0,,0.005872567537203115,0.006053535528640217,0.008637501385717922,pythia_sst2,shared_rms,0
1024,betting,unaligned,0.08795059568122572,0.0,,0.005872567537203115,0.006053535528640217,0.008637501385717922,pythia_sst2,shared_rms,0
1024,betting,aligned,0.03530206947950567,0.2196969696969697,0.0022548752788052713,0.005872567537203115,0.006053535528640217,0.008637501385717922,pythia_sst2,shared_rms,0
2048,bernstein,unaligned,0.13035587079054792,0.0,,0.005872567537203115,0.006053535528640217,0.008326371262824067,pythia_sst2,shared_rms,0
2048,bernstein,aligned,0.08363163284278471,0.0,,0.005872567537203115,0.006053535528640217,0.008326371262824067,pythia_sst2,shared_rms,0
2048,betting,unaligned,0.061326340557295196,0.0,,0.005872567537203115,0.006053535528640217,0.008326371262824067,pythia_sst2,shared_rms,0
2048,betting,aligned,0.01977510188716582,0.6515151515151515,0.004204432547666163,0.005872567537203115,0.006053535528640217,0.008326371262824067,pythia_sst2,shared_rms,0
3000,bernstein,unaligned,0.09800082537101111,0.0,,0.005872567537203115,0.006053535528640217,0.008643869177038474,pythia_sst2,shared_rms,0
3000,bernstein,aligned,0.059309554131125486,0.0,,0.005872567537203115,0.006053535528640217,0.008643869177038474,pythia_sst2,shared_rms,0
3000,betting,unaligned,0.0506061135108184,0.007575757575757576,0.008936722874962305,0.005872567537203115,0.006053535528640217,0.008643869177038474,pythia_sst2,shared_rms,0
3000,betting,aligned,0.014864165242794446,0.75,0.0048699079020834285,0.005872567537203115,0.006053535528640217,0.008643869177038474,pythia_sst2,shared_rms,0
32,bernstein,unaligned,2.0,0.0,,0.15035406749207783,0.15062730421371134,1.4838839623293292,bert_sst2,shared_raw,0
32,bernstein,aligned,2.0,0.0,,0.15035406749207783,0.15062730421371134,1.4838839623293292,bert_sst2,shared_raw,0
32,betting,unaligned,0.9328524534171403,0.0,,0.15035406749207783,0.15062730421371134,1.4838839623293292,bert_sst2,shared_raw,0
32,betting,aligned,0.7788112292712344,0.0,,0.15035406749207783,0.15062730421371134,1.4838839623293292,bert_sst2,shared_raw,0
64,bernstein,unaligned,1.9999613101304994,0.0,,0.15035406749207783,0.15062730421371134,0.8521615960627386,bert_sst2,shared_raw,0
64,bernstein,aligned,2.0,0.0,,0.15035406749207783,0.15062730421371134,0.8521615960627386,bert_sst2,shared_raw,0
64,betting,unaligned,0.5972514600814038,0.0,,0.15035406749207783,0.15062730421371134,0.8521615960627386,bert_sst2,shared_raw,0
64,betting,aligned,0.44117386920240254,0.0,,0.15035406749207783,0.15062730421371134,0.8521615960627386,bert_sst2,shared_raw,0
128,bernstein,unaligned,1.3923816972683039,0.0,,0.15035406749207783,0.15062730421371134,0.458107116219628,bert_sst2,shared_raw,0
128,bernstein,aligned,1.1610136744179695,0.0,,0.15035406749207783,0.15062730421371134,0.458107116219628,bert_sst2,shared_raw,0
128,betting,unaligned,0.3819031662650642,0.0,,0.15035406749207783,0.15062730421371134,0.458107116219628,bert_sst2,shared_raw,0
128,betting,aligned,0.23710481824949084,0.0,,0.15035406749207783,0.15062730421371134,0.458107116219628,bert_sst2,shared_raw,0
256,bernstein,unaligned,0.8004331321949184,0.0,,0.15035406749207783,0.15062730421371134,0.5576017906137868,bert_sst2,shared_raw,0
256,bernstein,aligned,0.5941359518649442,0.0,,0.15035406749207783,0.15062730421371134,0.5576017906137868,bert_sst2,shared_raw,0
256,betting,unaligned,0.2595409235145229,0.0,,0.15035406749207783,0.15062730421371134,0.5576017906137868,bert_sst2,shared_raw,0
256,betting,aligned,0.12533927432829814,0.0,,0.15035406749207783,0.15062730421371134,0.5576017906137868,bert_sst2,shared_raw,0
512,bernstein,unaligned,0.45075473852424836,0.0,,0.15035406749207783,0.15062730421371134,0.44441721035368353,bert_sst2,shared_raw,0
512,bernstein,aligned,0.3046582146317123,0.0,,0.15035406749207783,0.15062730421371134,0.44441721035368353,bert_sst2,shared_raw,0
512,betting,unaligned,0.1771977432922127,0.0,,0.15035406749207783,0.15062730421371134,0.44441721035368353,bert_sst2,shared_raw,0
512,betting,aligned,0.06569912254566258,0.0,,0.15035406749207783,0.15062730421371134,0.44441721035368353,bert_sst2,shared_raw,0
1024,bernstein,unaligned,0.2622255968676478,0.0,,0.15035406749207783,0.15062730421371134,0.2196028362422156,bert_sst2,shared_raw,0
1024,bernstein,aligned,0.15890744991417896,0.0,,0.15035406749207783,0.15062730421371134,0.2196028362422156,bert_sst2,shared_raw,0
1024,betting,unaligned,0.1238985465660693,0.0,,0.15035406749207783,0.15062730421371134,0.2196028362422156,bert_sst2,shared_raw,0
1024,betting,aligned,0.03543376863187101,0.16666666666666666,0.0029911212034609493,0.15035406749207783,0.15062730421371134,0.2196028362422156,bert_sst2,shared_raw,0
2048,bernstein,unaligned,0.1569597068534925,0.0,,0.15035406749207783,0.15062730421371134,0.17455468713920777,bert_sst2,shared_raw,0
2048,bernstein,aligned,0.08369625293088713,0.0,,0.15035406749207783,0.15062730421371134,0.17455468713920777,bert_sst2,shared_raw,0
2048,betting,unaligned,0.0869965442647795,0.007575757575757576,0.007049628369270161,0.15035406749207783,0.15062730421371134,0.17455468713920777,bert_sst2,shared_raw,0
2048,betting,aligned,0.019800668892264985,0.5378787878787878,0.005140234722398817,0.15035406749207783,0.15062730421371134,0.17455468713920777,bert_sst2,shared_raw,0
3000,bernstein,unaligned,0.11975300260636108,0.0,,0.15035406749207783,0.15062730421371134,0.13882233959572926,bert_sst2,shared_raw,0
3000,bernstein,aligned,0.059395877340315456,0.0,,0.15035406749207783,0.15062730421371134,0.13882233959572926,bert_sst2,shared_raw,0
3000,betting,unaligned,0.07166637828248151,0.007575757575757576,0.007049628369270161,0.15035406749207783,0.15062730421371134,0.13882233959572926,bert_sst2,shared_raw,0
3000,betting,aligned,0.014919803258277225,0.6136363636363636,0.005788235021068762,0.15035406749207783,0.15062730421371134,0.13882233959572926,bert_sst2,shared_raw,0
32,bernstein,unaligned,2.0,0.0,,0.00982424901901965,0.009761367128706384,0.12669309580378388,bert_sst2,shared_rms,0
32,bernstein,aligned,2.0,0.0,,0.00982424901901965,0.009761367128706384,0.12669309580378388,bert_sst2,shared_rms,0
32,betting,unaligned,0.8610355217240409,0.0,,0.00982424901901965,0.009761367128706384,0.12669309580378388,bert_sst2,shared_rms,0
32,betting,aligned,0.7785561402198448,0.0,,0.00982424901901965,0.009761367128706384,0.12669309580378388,bert_sst2,shared_rms,0
64,bernstein,unaligned,1.9995042190993537,0.0,,0.00982424901901965,0.009761367128706384,0.10392522205946157,bert_sst2,shared_rms,0
64,bernstein,aligned,2.0,0.0,,0.00982424901901965,0.009761367128706384,0.10392522205946157,bert_sst2,shared_rms,0
64,betting,unaligned,0.5306207919546785,0.0,,0.00982424901901965,0.009761367128706384,0.10392522205946157,bert_sst2,shared_rms,0
64,betting,aligned,0.44095542969780305,0.0,,0.00982424901901965,0.009761367128706384,0.10392522205946157,bert_sst2,shared_rms,0
128,bernstein,unaligned,1.3595112877551598,0.0,,0.00982424901901965,0.009761367128706384,0.052171296046535476,bert_sst2,shared_rms,0
128,bernstein,aligned,1.1590065326089887,0.0,,0.00982424901901965,0.009761367128706384,0.052171296046535476,bert_sst2,shared_rms,0
128,betting,unaligned,0.3244713625031044,0.0,,0.00982424901901965,0.009761367128706384,0.052171296046535476,bert_sst2,shared_rms,0
128,betting,aligned,0.23683119459124238,0.0,,0.00982424901901965,0.009761367128706384,0.052171296046535476,bert_sst2,shared_rms,0
256,bernstein,unaligned,0.7427897526075032,0.0,,0.00982424901901965,0.009761367128706384,0.04757131959432519,bert_sst2,shared_rms,0
256,bernstein,aligned,0.5933705052636042,0.0,,0.00982424901901965,0.009761367128706384,0.04757131959432519,bert_sst2,shared_rms,0
256,betting,unaligned,0.21311973413371146,0.0,,0.00982424901901965,0.009761367128706384,0.04757131959432519,bert_sst2,shared_rms,0
256,betting,aligned,0.12510327377386796,0.0,,0.00982424901901965,0.009761367128706384,0.04757131959432519,bert_sst2,shared_rms,0
512,bernstein,unaligned,0.4094499183800389,0.0,,0.00982424901901965,0.009761367128706384,0.025269384666834167,bert_sst2,shared_rms,0
512,bernstein,aligned,0.30465170831714955,0.0,,0.00982424901901965,0.009761367128706384,0.025269384666834167,bert_sst2,shared_rms,0
512,betting,unaligned,0.14054443087854562,0.0,,0.00982424901901965,0.009761367128706384,0.025269384666834167,bert_sst2,shared_rms,0
512,betting,aligned,0.0656393767107092,0.0,,0.00982424901901965,0.009761367128706384,0.025269384666834167,bert_sst2,shared_rms,0
1024,bernstein,unaligned,0.23272218668500713,0.0,,0.00982424901901965,0.009761367128706384,0.01587641395007597,bert_sst2,shared_rms,0
1024,bernstein,aligned,0.15888568910934164,0.0,,0.00982424901901965,0.009761367128706384,0.01587641395007597,bert_sst2,shared_rms,0
1024,betting,unaligned,0.09647250555391304,0.0,,0.00982424901901965,0.009761367128706384,0.01587641395007597,bert_sst2,shared_rms,0
1024,betting,aligned,0.03536931651863349,0.15151515151515152,0.002838496986430555,0.00982424901901965,0.009761367128706384,0.01587641395007597,bert_sst2,shared_rms,0
2048,bernstein,unaligned,0.13613289015519148,0.0,,0.00982424901901965,0.009761367128706384,0.012803688109883854,bert_sst2,shared_rms,0
2048,bernstein,aligned,0.08363500606452359,0.0,,0.00982424901901965,0.009761367128706384,0.012803688109883854,bert_sst2,shared_rms,0
2048,betting,unaligned,0.0670791792895629,0.045454545454545456,0.007753509849203188,0.00982424901901965,0.009761367128706384,0.012803688109883854,bert_sst2,shared_rms,0
2048,betting,aligned,0.019715683354771692,0.5984848484848485,0.0054414720834279175,0.00982424901901965,0.009761367128706384,0.012803688109883854,bert_sst2,shared_rms,0
3000,bernstein,unaligned,0.10268399369741751,0.0,,0.00982424901901965,0.009761367128706384,0.013816790864930803,bert_sst2,shared_rms,0
3000,bernstein,aligned,0.05933352917973853,0.0,,0.00982424901901965,0.009761367128706384,0.013816790864930803,bert_sst2,shared_rms,0
3000,betting,unaligned,0.055208545986743324,0.05303030303030303,0.007865810876923835,0.00982424901901965,0.009761367128706384,0.013816790864930803,bert_sst2,shared_rms,0
3000,betting,aligned,0.014820600714026086,0.6212121212121212,0.005666579132616449,0.00982424901901965,0.009761367128706384,0.013816790864930803,bert_sst2,shared_rms,0
32,bernstein,unaligned,2.0,0.0,,0.21490467166496044,0.21443560074121917,1.5350482037015085,gpt2_medium_sst2,shared_raw,0
32,bernstein,aligned,2.0,0.0,,0.21490467166496044,0.21443560074121917,1.5350482037015085,gpt2_medium_sst2,shared_raw,0
32,betting,unaligned,0.9248709656930618,0.0,,0.21490467166496044,0.21443560074121917,1.5350482037015085,gpt2_medium_sst2,shared_raw,0
32,betting,aligned,0.776347627839145,0.0,,0.21490467166496044,0.21443560074121917,1.5350482037015085,gpt2_medium_sst2,shared_raw,0
64,bernstein,unaligned,1.9956555761497812,0.0,,0.21490467166496044,0.21443560074121917,1.884991980206549,gpt2_medium_sst2,shared_raw,0
64,bernstein,aligned,2.0,0.0,,0.21490467166496044,0.21443560074121917,1.884991980206549,gpt2_medium_sst2,shared_raw,0
64,betting,unaligned,0.5815406256857166,0.0,,0.21490467166496044,0.21443560074121917,1.884991980206549,gpt2_medium_sst2,shared_raw,0
64,betting,aligned,0.43910026996777696,0.0,,0.21490467166496044,0.21443560074121917,1.884991980206549,gpt2_medium_sst2,shared_raw,0
128,bernstein,unaligned,1.3630016236278393,0.0,,0.21490467166496044,0.21443560074121917,1.94177767610469,gpt2_medium_sst2,shared_raw,0
128,bernstein,aligned,1.1454430002530978,0.0,,0.21490467166496044,0.21443560074121917,1.94177767610469,gpt2_medium_sst2,shared_raw,0
128,betting,unaligned,0.37247012613073766,0.0,,0.21490467166496044,0.21443560074121917,1.94177767610469,gpt2_medium_sst2,shared_raw,0
128,betting,aligned,0.23551455190169113,0.0,,0.21490467166496044,0.21443560074121917,1.94177767610469,gpt2_medium_sst2,shared_raw,0
256,bernstein,unaligned,0.7910345270034613,0.0,,0.21490467166496044,0.21443560074121917,0.398934395749573,gpt2_medium_sst2,shared_raw,0
256,bernstein,aligned,0.5824981561925551,0.0,,0.21490467166496044,0.21443560074121917,0.398934395749573,gpt2_medium_sst2,shared_raw,0
256,betting,unaligned,0.24883257621193922,0.0,,0.21490467166496044,0.21443560074121917,0.398934395749573,gpt2_medium_sst2,shared_raw,0
256,betting,aligned,0.12342361712443094,0.0,,0.21490467166496044,0.21443560074121917,0.398934395749573,gpt2_medium_sst2,shared_raw,0
512,bernstein,unaligned,0.44747880567962034,0.0,,0.21490467166496044,0.21443560074121917,0.49578438029354255,gpt2_medium_sst2,shared_raw,0
512,bernstein,aligned,0.2988302073867528,0.0,,0.21490467166496044,0.21443560074121917,0.49578438029354255,gpt2_medium_sst2,shared_raw,0
512,betting,unaligned,0.1731832481125435,0.0,,0.21490467166496044,0.21443560074121917,0.49578438029354255,gpt2_medium_sst2,shared_raw,0
512,betting,aligned,0.06441239617770682,0.0,,0.21490467166496044,0.21443560074121917,0.49578438029354255,gpt2_medium_sst2,shared_raw,0
1024,bernstein,unaligned,0.26029344706687646,0.0,,0.21490467166496044,0.21443560074121917,0.40750910224815584,gpt2_medium_sst2,shared_raw,0
1024,bernstein,aligned,0.15510351557677324,0.0,,0.21490467166496044,0.21443560074121917,0.40750910224815584,gpt2_medium_sst2,shared_raw,0
1024,betting,unaligned,0.1217610742603001,0.0,,0.21490467166496044,0.21443560074121917,0.40750910224815584,gpt2_medium_sst2,shared_raw,0
1024,betting,aligned,0.034268255429307115,0.38636363636363635,0.0017766121548047752,0.21490467166496044,0.21443560074121917,0.40750910224815584,gpt2_medium_sst2,shared_raw,0
2048,bernstein,unaligned,0.15591066642503693,0.0,,0.21490467166496044,0.21443560074121917,0.35858472790431317,gpt2_medium_sst2,shared_raw,0
2048,bernstein,aligned,0.0810909907452182,0.0,,0.21490467166496044,0.21443560074121917,0.35858472790431317,gpt2_medium_sst2,shared_raw,0
2048,betting,unaligned,0.08594721686539274,0.0,,0.21490467166496044,0.21443560074121917,0.35858472790431317,gpt2_medium_sst2,shared_raw,0
2048,betting,aligned,0.018719350169924313,0.696969696969697,0.002854869221161985,0.21490467166496044,0.21443560074121917,0.35858472790431317,gpt2_medium_sst2,shared_raw,0
3000,bernstein,unaligned,0.11858603633918051,0.0,,0.21490467166496044,0.21443560074121917,0.39027729184842075,gpt2_medium_sst2,shared_raw,0
3000,bernstein,aligned,0.05712988932814126,0.0,,0.21490467166496044,0.21443560074121917,0.39027729184842075,gpt2_medium_sst2,shared_raw,0
3000,betting,unaligned,0.07052269018828211,0.0,,0.21490467166496044,0.21443560074121917,0.39027729184842075,gpt2_medium_sst2,shared_raw,0
3000,betting,aligned,0.013767842081396146,0.7121212121212122,0.003050199451348588,0.21490467166496044,0.21443560074121917,0.39027729184842075,gpt2_medium_sst2,shared_raw,0
32,bernstein,unaligned,2.0,0.0,,0.008527387257182136,0.008886848649129505,0.08261963072929776,gpt2_medium_sst2,shared_rms,0
32,bernstein,aligned,2.0,0.0,,0.008527387257182136,0.008886848649129505,0.08261963072929776,gpt2_medium_sst2,shared_rms,0
32,betting,unaligned,0.845232680024999,0.0,,0.008527387257182136,0.008886848649129505,0.08261963072929776,gpt2_medium_sst2,shared_rms,0
32,betting,aligned,0.7764360896465157,0.0,,0.008527387257182136,0.008886848649129505,0.08261963072929776,gpt2_medium_sst2,shared_rms,0
64,bernstein,unaligned,2.0,0.0,,0.008527387257182136,0.008886848649129505,0.052122403556062125,gpt2_medium_sst2,shared_rms,0
64,bernstein,aligned,2.0,0.0,,0.008527387257182136,0.008886848649129505,0.052122403556062125,gpt2_medium_sst2,shared_rms,0
64,betting,unaligned,0.5261131591748077,0.0,,0.008527387257182136,0.008886848649129505,0.052122403556062125,gpt2_medium_sst2,shared_rms,0
64,betting,aligned,0.4390596565815279,0.0,,0.008527387257182136,0.008886848649129505,0.052122403556062125,gpt2_medium_sst2,shared_rms,0
128,bernstein,unaligned,1.3722453141821196,0.0,,0.008527387257182136,0.008886848649129505,0.02682315565771042,gpt2_medium_sst2,shared_rms,0
128,bernstein,aligned,1.1449464617018386,0.0,,0.008527387257182136,0.008886848649129505,0.02682315565771042,gpt2_medium_sst2,shared_rms,0
128,betting,unaligned,0.3262749145292632,0.0,,0.008527387257182136,0.008886848649129505,0.02682315565771042,gpt2_medium_sst2,shared_rms,0
128,betting,aligned,0.2353917989286415,0.0,,0.008527387257182136,0.008886848649129505,0.02682315565771042,gpt2_medium_sst2,shared_rms,0
256,bernstein,unaligned,0.7360099630052643,0.0,,0.008527387257182136,0.008886848649129505,0.019993891392911318,gpt2_medium_sst2,shared_rms,0
256,bernstein,aligned,0.5825474525595927,0.0,,0.008527387257182136,0.008886848649129505,0.019993891392911318,gpt2_medium_sst2,shared_rms,0
256,betting,unaligned,0.20542857914507762,0.0,,0.008527387257182136,0.008886848649129505,0.019993891392911318,gpt2_medium_sst2,shared_rms,0
256,betting,aligned,0.12341275283583716,0.0,,0.008527387257182136,0.008886848649129505,0.019993891392911318,gpt2_medium_sst2,shared_rms,0
512,bernstein,unaligned,0.4062526134091504,0.0,,0.008527387257182136,0.008886848649129505,0.01357464925177824,gpt2_medium_sst2,shared_rms,0
512,bernstein,aligned,0.29908212206559,0.0,,0.008527387257182136,0.008886848649129505,0.01357464925177824,gpt2_medium_sst2,shared_rms,0
512,betting,unaligned,0.136647954316879,0.0,,0.008527387257182136,0.008886848649129505,0.01357464925177824,gpt2_medium_sst2,shared_rms,0
512,betting,aligned,0.06448738327090917,0.0,,0.008527387257182136,0.008886848649129505,0.01357464925177824,gpt2_medium_sst2,shared_rms,0
1024,bernstein,unaligned,0.23073111935791538,0.0,,0.008527387257182136,0.008886848649129505,0.010052051978482,gpt2_medium_sst2,shared_rms,0
1024,bernstein,aligned,0.15510254756680494,0.0,,0.008527387257182136,0.008886848649129505,0.010052051978482,gpt2_medium_sst2,shared_rms,0
1024,betting,unaligned,0.09418679380084513,0.0,,0.008527387257182136,0.008886848649129505,0.010052051978482,gpt2_medium_sst2,shared_rms,0
1024,betting,aligned,0.034278685881100966,0.4015151515151515,0.0014202522371628528,0.008527387257182136,0.008886848649129505,0.010052051978482,gpt2_medium_sst2,shared_rms,0
2048,bernstein,unaligned,0.13476136898034052,0.0,,0.008527387257182136,0.008886848649129505,0.010612941069574666,gpt2_medium_sst2,shared_rms,0
2048,bernstein,aligned,0.08106869510754143,0.0,,0.008527387257182136,0.008886848649129505,0.010612941069574666,gpt2_medium_sst2,shared_rms,0
2048,betting,unaligned,0.06568485102715468,0.015151515151515152,0.008297169146785532,0.008527387257182136,0.008886848649129505,0.010612941069574666,gpt2_medium_sst2,shared_rms,0
2048,betting,aligned,0.01873871869666442,0.7045454545454546,0.002661048588960006,0.008527387257182136,0.008886848649129505,0.010612941069574666,gpt2_medium_sst2,shared_rms,0
3000,bernstein,unaligned,0.10149445678251223,0.0,,0.008527387257182136,0.008886848649129505,0.013608846654768844,gpt2_medium_sst2,shared_rms,0
3000,bernstein,aligned,0.05709544970472621,0.0,,0.008527387257182136,0.008886848649129505,0.013608846654768844,gpt2_medium_sst2,shared_rms,0
3000,betting,unaligned,0.054027387747985565,0.022727272727272728,0.009851379810209405,0.008527387257182136,0.008886848649129505,0.013608846654768844,gpt2_medium_sst2,shared_rms,0
3000,betting,aligned,0.013785525464217326,0.7121212121212122,0.002757191229309196,0.008527387257182136,0.008886848649129505,0.013608846654768844,gpt2_medium_sst2,shared_rms,0
32,bernstein,unaligned,2.0,0.0,,0.0019468164680478599,0.002215794725742476,0.0239868649791704,gpt2_allocine,shared_raw,0
32,bernstein,aligned,2.0,0.0,,0.0019468164680478599,0.002215794725742476,0.0239868649791704,gpt2_allocine,shared_raw,0
32,betting,unaligned,0.7986935856788477,0.0,,0.0019468164680478599,0.002215794725742476,0.0239868649791704,gpt2_allocine,shared_raw,0
32,betting,aligned,0.7750172765573193,0.0,,0.0019468164680478599,0.002215794725742476,0.0239868649791704,gpt2_allocine,shared_raw,0
64,bernstein,unaligned,2.0,0.0,,0.0019468164680478599,0.002215794725742476,0.013659626262556828,gpt2_allocine,shared_raw,0
64,bernstein,aligned,2.0,0.0,,0.0019468164680478599,0.002215794725742476,0.013659626262556828,gpt2_allocine,shared_raw,0
64,betting,unaligned,0.4653657665404546,0.0,,0.0019468164680478599,0.002215794725742476,0.013659626262556828,gpt2_allocine,shared_raw,0
64,betting,aligned,0.4379615062382182,0.0,,0.0019468164680478599,0.002215794725742476,0.013659626262556828,gpt2_allocine,shared_raw,0
128,bernstein,unaligned,1.238450876066117,0.0,,0.0019468164680478599,0.002215794725742476,0.008349584428935486,gpt2_allocine,shared_raw,0
128,bernstein,aligned,1.129320228161336,0.0,,0.0019468164680478599,0.002215794725742476,0.008349584428935486,gpt2_allocine,shared_raw,0
128,betting,unaligned,0.26401150081592,0.0,,0.0019468164680478599,0.002215794725742476,0.008349584428935486,gpt2_allocine,shared_raw,0
128,betting,aligned,0.2342291739513519,0.0,,0.0019468164680478599,0.002215794725742476,0.008349584428935486,gpt2_allocine,shared_raw,0
256,bernstein,unaligned,0.6481390905318235,0.0,,0.0019468164680478599,0.002215794725742476,0.005329435952388951,gpt2_allocine,shared_raw,0
256,bernstein,aligned,0.5698673957227254,0.0,,0.0019468164680478599,0.002215794725742476,0.005329435952388951,gpt2_allocine,shared_raw,0
256,betting,unaligned,0.15247152724353355,0.0,,0.0019468164680478599,0.002215794725742476,0.005329435952388951,gpt2_allocine,shared_raw,0
256,betting,aligned,0.12179377747518381,0.0,,0.0019468164680478599,0.002215794725742476,0.005329435952388951,gpt2_allocine,shared_raw,0
512,bernstein,unaligned,0.34497823333520766,0.0,,0.0019468164680478599,0.002215794725742476,0.0034710752212244885,gpt2_allocine,shared_raw,0
512,bernstein,aligned,0.28886647537731136,0.0,,0.0019468164680478599,0.002215794725742476,0.0034710752212244885,gpt2_allocine,shared_raw,0
512,betting,unaligned,0.09141506027613518,0.0,,0.0019468164680478599,0.002215794725742476,0.0034710752212244885,gpt2_allocine,shared_raw,0
512,betting,aligned,0.06253155052625957,0.0,,0.0019468164680478599,0.002215794725742476,0.0034710752212244885,gpt2_allocine,shared_raw,0
1024,bernstein,unaligned,0.1875474167131993,0.0,,0.0019468164680478599,0.002215794725742476,0.0024591926628635334,gpt2_allocine,shared_raw,0
1024,bernstein,aligned,0.14773476279184716,0.0,,0.0019468164680478599,0.002215794725742476,0.0024591926628635334,gpt2_allocine,shared_raw,0
1024,betting,unaligned,0.05745967293307441,0.2196969696969697,0.002025225306860626,0.0019468164680478599,0.002215794725742476,0.0024591926628635334,gpt2_allocine,shared_raw,0
1024,betting,aligned,0.03217786380755018,0.8636363636363636,0.0008238038420441191,0.0019468164680478599,0.002215794725742476,0.0024591926628635334,gpt2_allocine,shared_raw,0
2048,bernstein,unaligned,0.10453511198996379,0.0,,0.0019468164680478599,0.002215794725742476,0.002620724947666749,gpt2_allocine,shared_raw,0
2048,bernstein,aligned,0.07616987462605457,0.0,,0.0019468164680478599,0.002215794725742476,0.002620724947666749,gpt2_allocine,shared_raw,0
2048,betting,unaligned,0.03782782944058867,0.4015151515151515,0.0036553290448476695,0.0019468164680478599,0.002215794725742476,0.002620724947666749,gpt2_allocine,shared_raw,0
2048,betting,aligned,0.0167703893853975,1.0,0.0011314135675282637,0.0019468164680478599,0.002215794725742476,0.002620724947666749,gpt2_allocine,shared_raw,0
3000,bernstein,unaligned,0.07667282524126484,0.0,,0.0019468164680478599,0.002215794725742476,0.002231149562119535,gpt2_allocine,shared_raw,0
3000,bernstein,aligned,0.053166412013292266,0.0,,0.0019468164680478599,0.002215794725742476,0.002231149562119535,gpt2_allocine,shared_raw,0
3000,betting,unaligned,0.030589357640950988,0.4696969696969697,0.004379692064510643,0.0019468164680478599,0.002215794725742476,0.002231149562119535,gpt2_allocine,shared_raw,0
3000,betting,aligned,0.011861794182605632,1.0,0.0011314135675282637,0.0019468164680478599,0.002215794725742476,0.002231149562119535,gpt2_allocine,shared_raw,0
32,bernstein,unaligned,2.0,0.0,,0.0013251302146497178,0.0016043760288734982,0.010665094929672474,gpt2_allocine,shared_rms,0
32,bernstein,aligned,2.0,0.0,,0.0013251302146497178,0.0016043760288734982,0.010665094929672474,gpt2_allocine,shared_rms,0
32,betting,unaligned,0.7788730633771289,0.0,,0.0013251302146497178,0.0016043760288734982,0.010665094929672474,gpt2_allocine,shared_rms,0
32,betting,aligned,0.7750353331646307,0.0,,0.0013251302146497178,0.0016043760288734982,0.010665094929672474,gpt2_allocine,shared_rms,0
64,bernstein,unaligned,2.0,0.0,,0.0013251302146497178,0.0016043760288734982,0.009166391870171937,gpt2_allocine,shared_rms,0
64,bernstein,aligned,2.0,0.0,,0.0013251302146497178,0.0016043760288734982,0.009166391870171937,gpt2_allocine,shared_rms,0
64,betting,unaligned,0.4429011960888381,0.0,,0.0013251302146497178,0.0016043760288734982,0.009166391870171937,gpt2_allocine,shared_rms,0
64,betting,aligned,0.43776651174442976,0.0,,0.0013251302146497178,0.0016043760288734982,0.009166391870171937,gpt2_allocine,shared_rms,0
128,bernstein,unaligned,1.1648491979130462,0.0,,0.0013251302146497178,0.0016043760288734982,0.006223963077983724,gpt2_allocine,shared_rms,0
128,bernstein,aligned,1.1272295136830952,0.0,,0.0013251302146497178,0.0016043760288734982,0.006223963077983724,gpt2_allocine,shared_rms,0
128,betting,unaligned,0.23983228009935623,0.0,,0.0013251302146497178,0.0016043760288734982,0.006223963077983724,gpt2_allocine,shared_rms,0
128,betting,aligned,0.23405680064493165,0.0,,0.0013251302146497178,0.0016043760288734982,0.006223963077983724,gpt2_allocine,shared_rms,0
256,bernstein,unaligned,0.5931405991571207,0.0,,0.0013251302146497178,0.0016043760288734982,0.002117579073730455,gpt2_allocine,shared_rms,0
256,bernstein,aligned,0.5679326782677003,0.0,,0.0013251302146497178,0.0016043760288734982,0.002117579073730455,gpt2_allocine,shared_rms,0
256,betting,unaligned,0.12702113475362156,0.0,,0.0013251302146497178,0.0016043760288734982,0.002117579073730455,gpt2_allocine,shared_rms,0
256,betting,aligned,0.12156852983665004,0.0,,0.0013251302146497178,0.0016043760288734982,0.002117579073730455,gpt2_allocine,shared_rms,0
512,bernstein,unaligned,0.30563482894482125,0.0,,0.0013251302146497178,0.0016043760288734982,0.0017324219370384363,gpt2_allocine,shared_rms,0
512,bernstein,aligned,0.28766017552302486,0.0,,0.0013251302146497178,0.0016043760288734982,0.0017324219370384363,gpt2_allocine,shared_rms,0
512,betting,unaligned,0.06780084356355612,0.0,,0.0013251302146497178,0.0016043760288734982,0.0017324219370384363,gpt2_allocine,shared_rms,0
512,betting,aligned,0.062336322671950314,0.0,,0.0013251302146497178,0.0016043760288734982,0.0017324219370384363,gpt2_allocine,shared_rms,0
1024,bernstein,unaligned,0.15946317467338939,0.0,,0.0013251302146497178,0.0016043760288734982,0.0015041816699290496,gpt2_allocine,shared_rms,0
1024,bernstein,aligned,0.1468486528901096,0.0,,0.0013251302146497178,0.0016043760288734982,0.0015041816699290496,gpt2_allocine,shared_rms,0
1024,betting,unaligned,0.037236499578946015,0.48484848484848486,0.001484080286908879,0.0013251302146497178,0.0016043760288734982,0.0015041816699290496,gpt2_allocine,shared_rms,0
1024,betting,aligned,0.031973593140333614,0.9393939393939394,0.0007557306452747961,0.0013251302146497178,0.0016043760288734982,0.0015041816699290496,gpt2_allocine,shared_rms,0
2048,bernstein,unaligned,0.08451308606041352,0.0,,0.0013251302146497178,0.0016043760288734982,0.0011729363034357508,gpt2_allocine,shared_rms,0
2048,bernstein,aligned,0.07559280569777478,0.0,,0.0013251302146497178,0.0016043760288734982,0.0011729363034357508,gpt2_allocine,shared_rms,0
2048,betting,unaligned,0.02141164828263396,0.803030303030303,0.002505902841476592,0.0013251302146497178,0.0016043760288734982,0.0011729363034357508,gpt2_allocine,shared_rms,0
2048,betting,aligned,0.016582616193276903,1.0,0.0009026812008843827,0.0013251302146497178,0.0016043760288734982,0.0011729363034357508,gpt2_allocine,shared_rms,0
3000,bernstein,unaligned,0.060090511252619015,0.0,,0.0013251302146497178,0.0016043760288734982,0.001123976879958077,gpt2_allocine,shared_rms,0
3000,bernstein,aligned,0.05274856321463911,0.0,,0.0013251302146497178,0.0016043760288734982,0.001123976879958077,gpt2_allocine,shared_rms,0
3000,betting,unaligned,0.016229179563445294,0.8560606060606061,0.0030133952970224595,0.0013251302146497178,0.0016043760288734982,0.001123976879958077,gpt2_allocine,shared_rms,0
3000,betting,aligned,0.011698009574254022,1.0,0.0009026812008843827,0.0013251302146497178,0.0016043760288734982,0.001123976879958077,gpt2_allocine,shared_rms,0
32,bernstein,unaligned,2.0,0.0,,0.009829997363181289,0.009793511463110935,0.14126963161189926,gpt2_nll,shared_raw,0
32,bernstein,aligned,2.0,0.0,,0.009829997363181289,0.009793511463110935,0.14126963161189926,gpt2_nll,shared_raw,0
32,betting,unaligned,0.7886503703280279,0.0,,0.009829997363181289,0.009793511463110935,0.14126963161189926,gpt2_nll,shared_raw,0
32,betting,aligned,0.7744098469155495,0.0,,0.009829997363181289,0.009793511463110935,0.14126963161189926,gpt2_nll,shared_raw,0
64,bernstein,unaligned,1.9714417423506503,0.0,,0.009829997363181289,0.009793511463110935,0.048139681794576984,gpt2_nll,shared_raw,0
64,bernstein,aligned,2.0,0.0,,0.009829997363181289,0.009793511463110935,0.048139681794576984,gpt2_nll,shared_raw,0
64,betting,unaligned,0.45012963773545134,0.0,,0.009829997363181289,0.009793511463110935,0.048139681794576984,gpt2_nll,shared_raw,0
64,betting,aligned,0.43690250379707624,0.0,,0.009829997363181289,0.009793511463110935,0.048139681794576984,gpt2_nll,shared_raw,0
128,bernstein,unaligned,1.133930025724837,0.0,,0.009829997363181289,0.009793511463110935,0.025756700884931923,gpt2_nll,shared_raw,0
128,bernstein,aligned,1.1016933985036321,0.0,,0.009829997363181289,0.009793511463110935,0.025756700884931923,gpt2_nll,shared_raw,0
128,betting,unaligned,0.2444303571503979,0.0,,0.009829997363181289,0.009793511463110935,0.025756700884931923,gpt2_nll,shared_raw,0
128,betting,aligned,0.23311393349291448,0.0,,0.009829997363181289,0.009793511463110935,0.025756700884931923,gpt2_nll,shared_raw,0
256,bernstein,unaligned,0.586143002910856,0.0,,0.009829997363181289,0.009793511463110935,0.02133441415363755,gpt2_nll,shared_raw,0
256,bernstein,aligned,0.5492569205246339,0.0,,0.009829997363181289,0.009793511463110935,0.02133441415363755,gpt2_nll,shared_raw,0
256,betting,unaligned,0.13040886598526302,0.0,,0.009829997363181289,0.009793511463110935,0.02133441415363755,gpt2_nll,shared_raw,0
256,betting,aligned,0.12054095396441963,0.0,,0.009829997363181289,0.009793511463110935,0.02133441415363755,gpt2_nll,shared_raw,0
512,bernstein,unaligned,0.3028277739937861,0.0,,0.009829997363181289,0.009793511463110935,0.0259551430024862,gpt2_nll,shared_raw,0
512,bernstein,aligned,0.2745899639817411,0.0,,0.009829997363181289,0.009793511463110935,0.0259551430024862,gpt2_nll,shared_raw,0
512,betting,unaligned,0.0696545186610544,0.0,,0.009829997363181289,0.009793511463110935,0.0259551430024862,gpt2_nll,shared_raw,0
512,betting,aligned,0.06132135978006056,0.0,,0.009829997363181289,0.009793511463110935,0.0259551430024862,gpt2_nll,shared_raw,0
1024,bernstein,unaligned,0.1577582811205897,0.0,,0.009829997363181289,0.009793511463110935,0.006240969389105358,gpt2_nll,shared_raw,0
1024,bernstein,aligned,0.13753527777414104,0.0,,0.009829997363181289,0.009793511463110935,0.006240969389105358,gpt2_nll,shared_raw,0
1024,betting,unaligned,0.03851586738908901,0.2196969696969697,0.0026055000031237766,0.009829997363181289,0.009793511463110935,0.006240969389105358,gpt2_nll,shared_raw,0
1024,betting,aligned,0.030937349658856736,0.9848484848484849,0.0008585043449244863,0.009829997363181289,0.009793511463110935,0.006240969389105358,gpt2_nll,shared_raw,0
2048,bernstein,unaligned,0.08335376471765298,0.0,,0.009829997363181289,0.009793511463110935,0.005194064166857938,gpt2_nll,shared_raw,0
2048,bernstein,aligned,0.06897808715191073,0.0,,0.009829997363181289,0.009793511463110935,0.005194064166857938,gpt2_nll,shared_raw,0
2048,betting,unaligned,0.022310457019171514,0.3787878787878788,0.004915334719656947,0.009829997363181289,0.009793511463110935,0.005194064166857938,gpt2_nll,shared_raw,0
2048,betting,aligned,0.015545529359687034,1.0,0.0009265128304095956,0.009829997363181289,0.009793511463110935,0.005194064166857938,gpt2_nll,shared_raw,0
3000,bernstein,unaligned,0.05911078019175614,0.0,,0.009829997363181289,0.009793511463110935,0.00390575033691581,gpt2_nll,shared_raw,0
3000,bernstein,aligned,0.04719879906501447,0.0,,0.009829997363181289,0.009793511463110935,0.00390575033691581,gpt2_nll,shared_raw,0
3000,betting,unaligned,0.01687509821821357,0.4015151515151515,0.005415415792933063,0.009829997363181289,0.009793511463110935,0.00390575033691581,gpt2_nll,shared_raw,0
3000,betting,aligned,0.010632593645354835,1.0,0.0009265128304095956,0.009829997363181289,0.009793511463110935,0.00390575033691581,gpt2_nll,shared_raw,0
32,bernstein,unaligned,2.0,0.0,,0.00208532668852368,0.0020436532394570773,0.048550658453675205,gpt2_nll,shared_rms,0
32,bernstein,aligned,2.0,0.0,,0.00208532668852368,0.0020436532394570773,0.048550658453675205,gpt2_nll,shared_rms,0
32,betting,unaligned,0.7790047209878002,0.0,,0.00208532668852368,0.0020436532394570773,0.048550658453675205,gpt2_nll,shared_rms,0
32,betting,aligned,0.7744105467593203,0.0,,0.00208532668852368,0.0020436532394570773,0.048550658453675205,gpt2_nll,shared_rms,0
64,bernstein,unaligned,2.0,0.0,,0.00208532668852368,0.0020436532394570773,0.02071074451205405,gpt2_nll,shared_rms,0
64,bernstein,aligned,2.0,0.0,,0.00208532668852368,0.0020436532394570773,0.02071074451205405,gpt2_nll,shared_rms,0
64,betting,unaligned,0.44187072602846567,0.0,,0.00208532668852368,0.0020436532394570773,0.02071074451205405,gpt2_nll,shared_rms,0
64,betting,aligned,0.4368962247533063,0.0,,0.00208532668852368,0.0020436532394570773,0.02071074451205405,gpt2_nll,shared_rms,0
128,bernstein,unaligned,1.1434745497253551,0.0,,0.00208532668852368,0.0020436532394570773,0.008491980996314739,gpt2_nll,shared_rms,0
128,bernstein,aligned,1.1015371595273136,0.0,,0.00208532668852368,0.0020436532394570773,0.008491980996314739,gpt2_nll,shared_rms,0
128,betting,unaligned,0.23772653985079986,0.0,,0.00208532668852368,0.0020436532394570773,0.008491980996314739,gpt2_nll,shared_rms,0
128,betting,aligned,0.2331099228573073,0.0,,0.00208532668852368,0.0020436532394570773,0.008491980996314739,gpt2_nll,shared_rms,0
256,bernstein,unaligned,0.5805107848725469,0.0,,0.00208532668852368,0.0020436532394570773,0.01198996532337475,gpt2_nll,shared_rms,0
256,bernstein,aligned,0.5491979149961043,0.0,,0.00208532668852368,0.0020436532394570773,0.01198996532337475,gpt2_nll,shared_rms,0
256,betting,unaligned,0.12580860552886655,0.0,,0.00208532668852368,0.0020436532394570773,0.01198996532337475,gpt2_nll,shared_rms,0
256,betting,aligned,0.12053870656652152,0.0,,0.00208532668852368,0.0020436532394570773,0.01198996532337475,gpt2_nll,shared_rms,0
512,bernstein,unaligned,0.2957314286666882,0.0,,0.00208532668852368,0.0020436532394570773,0.005289841391562495,gpt2_nll,shared_rms,0
512,bernstein,aligned,0.27464016665264274,0.0,,0.00208532668852368,0.0020436532394570773,0.005289841391562495,gpt2_nll,shared_rms,0
512,betting,unaligned,0.06624447181710627,0.0,,0.00208532668852368,0.0020436532394570773,0.005289841391562495,gpt2_nll,shared_rms,0
512,betting,aligned,0.06132171261516774,0.0,,0.00208532668852368,0.0020436532394570773,0.005289841391562495,gpt2_nll,shared_rms,0
1024,bernstein,unaligned,0.15338730781108373,0.0,,0.00208532668852368,0.0020436532394570773,0.0059244601124119655,gpt2_nll,shared_rms,0
1024,bernstein,aligned,0.137600975773526,0.0,,0.00208532668852368,0.0020436532394570773,0.0059244601124119655,gpt2_nll,shared_rms,0
1024,betting,unaligned,0.036308340695430874,0.1893939393939394,0.0019416171825942994,0.00208532668852368,0.0020436532394570773,0.0059244601124119655,gpt2_nll,shared_rms,0
1024,betting,aligned,0.030938690347752665,0.9848484848484849,0.0008598256868415265,0.00208532668852368,0.0020436532394570773,0.0059244601124119655,gpt2_nll,shared_rms,0
2048,bernstein,unaligned,0.08013722041535386,0.0,,0.00208532668852368,0.0020436532394570773,0.0030047336237345357,gpt2_nll,shared_rms,0
2048,bernstein,aligned,0.06900991907135552,0.0,,0.00208532668852368,0.0020436532394570773,0.0030047336237345357,gpt2_nll,shared_rms,0
2048,betting,unaligned,0.02033740529231815,0.4696969696969697,0.006188493215329133,0.00208532668852368,0.0020436532394570773,0.0030047336237345357,gpt2_nll,shared_rms,0
2048,betting,aligned,0.015546175581414102,1.0,0.0009260709166809417,0.00208532668852368,0.0020436532394570773,0.0030047336237345357,gpt2_nll,shared_rms,0
3000,bernstein,unaligned,0.05652166550352052,0.0,,0.00208532668852368,0.0020436532394570773,0.0016982661744206942,gpt2_nll,shared_rms,0
3000,bernstein,aligned,0.04722650139263744,0.0,,0.00208532668852368,0.0020436532394570773,0.0016982661744206942,gpt2_nll,shared_rms,0
3000,betting,unaligned,0.015170109278463342,0.5833333333333334,0.0075774106964477585,0.00208532668852368,0.0020436532394570773,0.0016982661744206942,gpt2_nll,shared_rms,0
3000,betting,aligned,0.010633443291777494,1.0,0.0009260709166809417,0.00208532668852368,0.0020436532394570773,0.0016982661744206942,gpt2_nll,shared_rms,0
