method,mae,median_absolute_error,p90_absolute_error,spearman,assessment_labels,probe_training_labels,n_pairs
training_geometry,0.34473974063299545,0.01692196693574821,0.3709002620175558,0.9996222168635962,0,12000,144
direct_training,0.3467781647063675,0.02133053379510441,0.38745683901855776,0.9995498754119444,0,12000,144
mean_only,4.914510145620984,0.39700721241731485,9.997941421627468,0.5846073466763122,0,12000,144
variance_only,11.526645508281263,0.43508102401374726,3.7897298447807963,0.8685837151354393,0,12000,144
direct_calibration,0.39378468030951835,0.01569852671217012,0.4997689294337745,0.999561932320553,3000,12000,144
cka_common,20.89044758204274,1.6366532274711498,53.88363257463356,0.25178590956490887,3000,12000,144
cka_held_target,22.825098336747562,1.417420957837078,48.54780211075654,0.04921733799533658,3000,12000,144
cca_shared_common,17.230778294735998,1.1828532896769486,24.263702187952127,0.2259681914558633,3000,12000,144
cca_shared_held_target,25.694174120003193,1.4099194761785032,33.72936888602155,0.07074081053211366,3000,12000,144
procrustes_shared_common,17.226724203521936,1.2325389346825837,24.263702187952127,0.22559143351325225,3000,12000,144
procrustes_shared_held_target,25.738967245577776,1.4037042314597783,33.72936888602155,0.07893324806803251,3000,12000,144
probe_cosine_common,15.250276427752413,1.8377687064094528,7.328435893508187,0.5505770740180937,3000,12000,144
probe_cosine_held_target,24.178250560602766,2.2377866703294655,17.155388943460814,0.3702041413872536,3000,12000,144
