method,action,tolerance,n_accepted,accepted_fraction,accepted_test_mean,test_fraction_above_tolerance,interpretation
bernstein,unaligned,0.0,0,0.0,,,"Noisy final-test audit, not population false-certification rate"
bernstein,unaligned,0.01,0,0.0,,,"Noisy final-test audit, not population false-certification rate"
bernstein,unaligned,0.02,0,0.0,,,"Noisy final-test audit, not population false-certification rate"
bernstein,unaligned,0.05,0,0.0,,,"Noisy final-test audit, not population false-certification rate"
bernstein,unaligned,0.1,0,0.0,,,"Noisy final-test audit, not population false-certification rate"
bernstein,aligned,0.0,0,0.0,,,"Noisy final-test audit, not population false-certification rate"
bernstein,aligned,0.01,0,0.0,,,"Noisy final-test audit, not population false-certification rate"
bernstein,aligned,0.02,0,0.0,,,"Noisy final-test audit, not population false-certification rate"
bernstein,aligned,0.05,0,0.0,,,"Noisy final-test audit, not population false-certification rate"
bernstein,aligned,0.1,0,0.0,,,"Noisy final-test audit, not population false-certification rate"
betting,unaligned,0.0,0,0.0,,,"Noisy final-test audit, not population false-certification rate"
betting,unaligned,0.01,0,0.0,,,"Noisy final-test audit, not population false-certification rate"
betting,unaligned,0.02,0,0.0,,,"Noisy final-test audit, not population false-certification rate"
betting,unaligned,0.05,0,0.0,,,"Noisy final-test audit, not population false-certification rate"
betting,unaligned,0.1,0,0.0,,,"Noisy final-test audit, not population false-certification rate"
betting,aligned,0.0,0,0.0,,,"Noisy final-test audit, not population false-certification rate"
betting,aligned,0.01,0,0.0,,,"Noisy final-test audit, not population false-certification rate"
betting,aligned,0.02,0,0.0,,,"Noisy final-test audit, not population false-certification rate"
betting,aligned,0.05,0,0.0,,,"Noisy final-test audit, not population false-certification rate"
betting,aligned,0.1,9,0.0625,0.06857086031868317,0.0,"Noisy final-test audit, not population false-certification rate"
