source,target,cka,cca_shared,procrustes_shared,probe_cosine,metric_rank,metric_examples,full_dim_cca_saturation_possible,train_raw,train_geometry,residual_correction,cal_raw,test_raw,cal_clipped,test_clipped,train_mean_term,train_variance_term,test_mean_term,test_variance_term,test_geometry,mean_fraction,aligned_cal_raw,aligned_test_raw,aligned_test_clipped,alignment_raw_reduction,bernstein_lo,bernstein_hi,bernstein_aligned_lo,bernstein_aligned_hi,betting_lo,betting_hi,betting_aligned_lo,betting_aligned_hi,prediction__training_geometry,prediction__direct_training,prediction__mean_only,prediction__variance_only,prediction__direct_calibration,prediction__cka_common,prediction__cka_held_target,prediction__cca_shared_common,prediction__cca_shared_held_target,prediction__procrustes_shared_common,prediction__procrustes_shared_held_target,prediction__probe_cosine_common,prediction__probe_cosine_held_target
0,1,0.9721992114825789,0.9722004897493188,0.9859991868350614,0.9946543815041989,6,1000,False,0.20719667473184888,0.20727493868440805,-7.82639525591974e-05,0.208967008514357,0.20296540727502788,0.1034719992640581,0.10566606789314154,0.19051497840018744,0.016759960284221193,0.18648571583939455,0.01740120383409761,0.2038869196734919,0.9146526718733897,7.250637892528475e-06,8.258487693640146e-05,0.0003559189582640106,0.20288282239809147,0.023829437828788783,0.1831145606993274,-0.06375306343239051,0.06446473422783369,0.08466564687842038,0.12151563304360025,-0.013981462034280412,0.014686226088088006,0.20727493868440805,0.20719667473184888,0.19051497840018744,0.016759960284221193,0.208967008514357,0.11721281970521413,0.10109989228168631,0.11721281970521413,0.10109989228168631,0.11721281970521413,0.10109989228168631,0.07801222001925943,0.05182126232023991
0,2,0.9662211744889804,0.9662974821258158,0.9829773949222321,0.9752982139871654,6,1000,False,0.8238155305535471,0.8239664589967642,-0.0001509284432145256,0.8316841514964262,0.8127602835551678,0.21938644573183042,0.2269923107839548,0.7526105882449261,0.07135587075183582,0.74096503000569,0.07474012629150453,0.8157051562971926,0.9083736007863705,7.494931058802157e-05,9.827621265574423e-05,0.00038933302627979963,0.812662007342512,0.12004408808290618,0.31872880338075466,-0.06373187759196552,0.06451787835412687,0.18684896432387177,0.2557932193449233,-0.013944055979663972,0.014723731881531421,0.8239664589967642,0.8238155305535471,0.7526105882449261,0.07135587075183582,0.8316841514964262,0.5305746337969739,0.25456510873381755,0.5305746337969739,0.25456510873381755,0.5305746337969739,0.25456510873381755,0.40399165571944984,0.23172153982570937
0,3,0.9585893993376121,0.9588769604248961,0.9790950555204306,0.9441527201363471,6,1000,False,1.8579307319271725,1.8581463305860055,-0.00021559865883529774,1.894118594867684,1.8433183080317261,0.27480568030883135,0.28306457447370204,1.6945296658345985,0.16361666475140627,1.6710342392195168,0.17365511675114625,1.8446893559706659,0.9058621354380978,9.251073925611202e-06,8.916137475959984e-05,0.000354865511560877,1.8432291466569666,0.165407345263802,0.38420401535386073,-0.06376985598919904,0.06445601421591352,0.2332943648652872,0.32161817728047026,-0.013992564607178792,0.014675147736852523,1.8581463305860055,1.8579307319271725,1.6945296658345985,0.16361666475140627,1.894118594867684,0.8382853628686115,0.46125013454046077,1.1083598654475593,0.5040344248401419,1.1083598654475593,0.5040344248401419,0.8382853628686115,0.3820059542201118
0,4,0.9462649309269608,0.9477691405356251,0.9731651151566396,0.9034361492679587,6,1000,False,3.3391905732307383,3.339459375019917,-0.00026880178917803606,3.361714656862329,3.2887880666096563,0.2988316337747227,0.3103021154491252,3.0367363083696297,0.3027230666502802,2.9838351449761285,0.31500380071146983,3.2988389456876104,0.9045107063734442,4.266100447636126e-05,0.0001311698507241085,0.00038479015122795034,3.288656896758932,0.18499007687449978,0.4126731906749457,-0.06376333782978112,0.06450901832440196,0.2533335063417326,0.35015682608354837,-0.013964112193207256,0.014703752553032245,3.339459375019917,3.3391905732307383,3.0367363083696297,0.3027230666502802,3.361714656862329,1.8669941997122366,0.7002330350977239,1.8669941997122366,0.8629978244857544,1.8669941997122366,0.8629978244857544,1.8669941997122366,0.7002330350977239
1,0,0.9721992114825789,0.9722004897493188,0.9859991868350614,0.9946543815041989,6,1000,False,0.10084099670015056,0.10078493199752818,5.606470262238518e-05,0.10207066007897253,0.10070949973867513,0.10113358386095625,0.09806361019894001,0.09248035337424736,0.008304578623280538,0.09004705678860622,0.008557363951351026,0.09860442073995748,0.9132152099557586,3.45833315646621e-05,7.994500975177572e-05,0.00029202458057394216,0.10062955472892335,0.02228182357541006,0.17998534414650244,-0.06377338585247985,0.06440663987433431,0.08200675556145143,0.118074081314262,-0.014019129019288812,0.014648462711193133,0.10078493199752818,0.10084099670015056,0.09248035337424736,0.008304578623280538,0.10207066007897253,0.11721281970521413,0.12226020624729467,0.11721281970521413,0.12226020624729467,0.11721281970521413,0.12226020624729467,0.07801222001925943,0.07320053200731681
1,2,0.9719802477109983,0.9717972961742509,0.9857948752926005,0.9928723111518881,6,1000,False,0.0999867535300039,0.10004168642784257,-5.493289783882079e-05,0.10012912448440008,0.09810137432380922,0.05722193748966202,0.05923174067898938,0.09045564764909464,0.009586038778748012,0.08910557358291524,0.010082262746366847,0.09918783632928198,0.8983518229705523,5.4382477886973526e-05,8.41676287361862e-05,0.0003275009995254664,0.09801720669507304,-0.016564549306557402,0.13100842428588144,-0.06378052507066181,0.06442167730303452,0.040962308848975226,0.07276721670496045,-0.01401588563749101,0.014651758930995129,0.10004168642784257,0.0999867535300039,0.09045564764909464,0.009586038778748012,0.10012912448440008,0.11721281970521413,0.12290738477881881,0.11721281970521413,0.12290738477881881,0.11721281970521413,0.12290738477881881,0.0789068051137635,0.0814695039294292
1,3,0.9678165897894446,0.967952065092609,0.9838155380414211,0.9730230024855089,6,1000,False,0.40218712747170815,0.4022913867748562,-0.00010425930314782045,0.41054394202478683,0.3993067213267787,0.157347445649393,0.15889544614725432,0.3637906144748804,0.038500772299975665,0.3589467115198023,0.04105444227244711,0.40000115379224915,0.8973641903698869,-1.2257652178768251e-06,6.906030894682321e-05,0.00025651011369286897,0.39923766101783187,0.06794247217863755,0.24675241912014842,-0.06385222011561617,0.06432145051064475,0.1327482408232754,0.18360062212741468,-0.014100437125307508,0.014567140045983251,0.4022913867748562,0.40218712747170815,0.3637906144748804,0.038500772299975665,0.41054394202478683,0.22135589492096142,0.14427341325906476,0.22135589492096142,0.14427341325906476,0.22135589492096142,0.14427341325906476,0.40399165571944984,0.3820059542201118
1,4,0.957901168122451,0.9588807756911226,0.979096516593622,0.9426305769276573,6,1000,False,0.9200769593716174,0.9202249733421224,-0.00014801397050693036,0.9244830536456942,0.9046353309251128,0.22535146280003437,0.23776608433425897,0.8293342123436965,0.09089076099842558,0.8150382889342025,0.09503184163354016,0.9100701305677412,0.8955774522846347,2.816961899641479e-05,0.00010174579548777786,0.0002730276872759887,0.904533585129625,0.12329870163464757,0.3274042239654212,-0.06385443552561593,0.06436689242384722,0.19044002085138345,0.2647814763695351,-0.014078409716603346,0.01458928387000924,0.9202249733421224,0.9200769593716174,0.8293342123436965,0.09089076099842558,0.9244830536456942,0.8382853628686115,0.7002330350977239,0.5682108602896637,0.424362644842527,0.5682108602896637,0.424362644842527,0.8382853628686115,0.7002330350977239
2,0,0.9662211744889804,0.9662974821258158,0.9829773949222321,0.9752982139871654,6,1000,False,0.22654618140369223,0.2264578372051143,8.834419857742934e-05,0.22946511609752174,0.22480538720276325,0.22001925004330225,0.21243606323594097,0.20578259033781238,0.020675246867302374,0.2001903608473756,0.02135803050130325,0.2215483913486789,0.9035965444330876,1.9161004327494555e-05,9.434761809434057e-05,0.00033973737518969355,0.2247110395846689,0.12650359084326765,0.3135349092433368,-0.06375695796133973,0.06445809767627772,0.19066877294244478,0.24874374358478235,-0.013985948877234478,0.014681731830933131,0.2264578372051143,0.22654618140369223,0.20578259033781238,0.020675246867302374,0.22946511609752174,0.5305746337969739,0.8316841514964262,0.5305746337969739,0.6560352906919179,0.5305746337969739,0.6560352906919179,0.40399165571944984,0.46216716892675924
2,1,0.9719802477109983,0.9717972961742509,0.9857948752926005,0.9928723111518881,6,1000,False,0.05660996070892907,0.05656501596336914,4.494474555996006e-05,0.05768448574312691,0.05628652032151443,0.0583376957282147,0.055863327471376574,0.050960370540794483,0.005604645422574481,0.04986716858615513,0.005852187553773932,0.055719356139928976,0.8949702947198969,2.23624675661362e-07,8.329630499413499e-05,0.0003398019420285485,0.056203224016520295,-0.01567234482056786,0.13234773627699725,-0.06376335139244871,0.0644432183157167,0.04152912701101741,0.07349278645415325,-0.013997273090353701,0.014670383447082713,0.05656501596336914,0.05660996070892907,0.050960370540794483,0.005604645422574481,0.05768448574312691,0.11721281970521413,0.10109989228168631,0.11721281970521413,0.10109989228168631,0.11721281970521413,0.10109989228168631,0.0789068051137635,0.10012912448440008
2,3,0.9732427546692414,0.9731518452666156,0.9864828315760953,0.9934953040680615,6,1000,False,0.057000845195004604,0.05704162946777245,-4.078427276794234e-05,0.05828344812891774,0.05643327386788973,0.035168160395549194,0.03642632531907739,0.051293742904565516,0.0057478865632071005,0.05059122430645448,0.0061612576617414185,0.05675248196819582,0.8914363310983628,-5.152667881118811e-06,6.673358446586541e-05,0.00024411740014388913,0.05636654028342387,-0.035814993898362846,0.10615131468946123,-0.06384728888460331,0.06430820228690004,0.019819088534859475,0.05007244987791637,-0.014104221067100298,0.014563319607987069,0.05704162946777245,0.057000845195004604,0.051293742904565516,0.0057478865632071005,0.05828344812891774,0.03925891288055676,0.036940782282108266,0.03925891288055676,0.036940782282108266,0.03925891288055676,0.036940782282108266,0.07801222001925943,0.09049219054707273
2,4,0.9667343471974768,0.9670578091186447,0.983367093158143,0.9755603270284211,6,1000,False,0.23385818911278244,0.23393764856353524,-7.945945075242134e-05,0.23397796355389702,0.2286008038009181,0.10936307960846448,0.1123079010540054,0.2090685002907883,0.02486914827274683,0.2053088310727721,0.026166689786820598,0.231475520859593,0.8869569892762313,1.9166965490624897e-06,7.856092972252631e-05,0.00022091888531576792,0.22852224287119557,0.026788482032819833,0.19193767718410912,-0.06388321270297377,0.06428238124123968,0.08930318867351161,0.12962480570422485,-0.014135067016468383,0.014532490517012775,0.23393764856353524,0.23385818911278244,0.2090685002907883,0.02486914827274683,0.23397796355389702,0.22135589492096142,0.21714853870998288,0.22135589492096142,0.21714853870998288,0.22135589492096142,0.21714853870998288,0.16530311219999705,0.09662826084609705
3,0,0.9585893993376121,0.9588769604248961,0.9790950555204306,0.9441527201363471,6,1000,False,0.31847128331968944,0.31836245622984094,0.00010882708984875689,0.3226011360274345,0.31533646203190235,0.29371577404837246,0.282277679433067,0.2870658725614755,0.03129658366836602,0.27898683645177136,0.03238152235316776,0.3113683588049387,0.8960025274326181,3.574388426132838e-05,0.00010954762243376546,0.0004396602262361801,0.3152269144094686,0.18891125432739328,0.3985202937693516,-0.0636869055496006,0.06462410201963126,0.25413222196220886,0.33325437470921315,-0.013869561349565629,0.01479846762958914,0.31836245622984094,0.31847128331968944,0.2870658725614755,0.03129658366836602,0.3226011360274345,0.8382853628686115,1.0101801051490038,1.1083598654475593,1.894118594867684,1.1083598654475593,1.894118594867684,0.8382853628686115,1.0101801051490038
3,1,0.9678165897894446,0.967952065092609,0.9838155380414211,0.9730230024855089,6,1000,False,0.1419108428893615,0.14183726670635244,7.357618300893861e-05,0.14427341325906476,0.1407048336094894,0.1421519044349745,0.13713061085995087,0.12696813481709202,0.014869131889260822,0.12417236784940602,0.01555788604174948,0.1397302538911556,0.8886577129254445,5.438453998192058e-06,9.57946674767713e-05,0.0004096623116816716,0.14060903894201263,0.05785342759622285,0.22645038127372613,-0.06371750887338667,0.06455613416465844,0.1197215049614897,0.16241539988550358,-0.013919567616540007,0.014748305860848632,0.14183726670635244,0.1419108428893615,0.12696813481709202,0.014869131889260822,0.14427341325906476,0.22135589492096142,0.24705005547492698,0.22135589492096142,0.24705005547492698,0.22135589492096142,0.24705005547492698,0.40399165571944984,0.49056440320624484
3,2,0.9732427546692414,0.9731518452666156,0.9864828315760953,0.9934953040680615,6,1000,False,0.03561759490473308,0.03558242794166409,3.5166963069038534e-05,0.036940782282108266,0.03601608013877767,0.037879351513493045,0.03589799182042361,0.031784998247174234,0.003797429694489898,0.0312668917623081,0.004020286565843494,0.035287178328151626,0.8860694802951643,5.8767233444886145e-05,0.00010622570465773816,0.00039621175638514326,0.03590985443411993,-0.033636645380177604,0.1093953484071637,-0.06372742409327682,0.0645032462422085,0.022076031971664634,0.05259040788951097,-0.013949061314633582,0.014718665173859335,0.03558242794166409,0.03561759490473308,0.031784998247174234,0.003797429694489898,0.036940782282108266,0.03925891288055676,0.04003162308003958,0.03925891288055676,0.04003162308003958,0.03925891288055676,0.04003162308003958,0.07801222001925943,0.0814695039294292
3,4,0.9729615451175121,0.972942156226226,0.9863750998472675,0.9941694657028706,6,1000,False,0.037619970898174565,0.037655161703579146,-3.5190805404606764e-05,0.03716108217947152,0.03598964621730946,0.0222307125935252,0.02357785306461197,0.03310129785770203,0.004553863845877197,0.0324575566576751,0.004792575508192399,0.03725013216586752,0.8713407113066869,2.9171106775626117e-05,7.793604406973699e-05,0.00023475269340022254,0.03591171017323973,-0.047562789817967854,0.09202421500501826,-0.06384815085427169,0.06432241955723865,0.007265263666340616,0.037023436234449036,-0.014097924809902906,0.01456964459066512,0.037655161703579146,0.037619970898174565,0.03310129785770203,0.004553863845877197,0.03716108217947152,0.03925891288055676,0.0399581897809185,0.03925891288055676,0.0399581897809185,0.03925891288055676,0.0399581897809185,0.07801222001925943,0.0841036925948017
4,0,0.9462649309269608,0.9477691405356251,0.9731651151566396,0.9034361492679587,6,1000,False,0.3672478468203109,0.3671234784030889,0.00012436841722153962,0.3722737425621443,0.3631721046857999,0.3260682098460783,0.31358178771352646,0.3264914373732196,0.04063204102987009,0.3167206933262716,0.042044213948614816,0.3587649072748859,0.8828084545169854,7.175235638286057e-05,0.0001834744920567648,0.0006545530177833013,0.36298863019374317,0.21519434811969812,0.4369420715724585,-0.06360762675221075,0.06496623735380959,0.2807924857188482,0.3715575852547772,-0.01366238030459499,0.015007371272076853,0.3671234784030889,0.3672478468203109,0.3264914373732196,0.04063204102987009,0.3722737425621443,1.8669941997122366,3.361714656862329,1.8669941997122366,3.361714656862329,1.8669941997122366,3.361714656862329,1.8669941997122366,3.361714656862329
4,1,0.957901168122451,0.9588807756911226,0.979096516593622,0.9426305769276573,6,1000,False,0.20844601858439027,0.20835051050592893,9.550807846158274e-05,0.21193866693363325,0.2064576763321407,0.20633643254827494,0.19928806996795445,0.1836944477158625,0.024656062790066255,0.17938370490939612,0.02576766936342891,0.20515137427282515,0.8743967986821218,4.3603865600447564e-05,0.00016163881292822257,0.0006027259815476418,0.2062960375192125,0.1133914718960758,0.2992813932004741,-0.06360239837751067,0.0648587105002694,0.17749118467327207,0.2345830917256535,-0.01371489065058995,0.014953977064578794,0.20835051050592893,0.20844601858439027,0.1836944477158625,0.024656062790066255,0.21193866693363325,0.8382853628686115,1.0470675948469375,0.5682108602896637,0.9244830536456942,0.5682108602896637,0.9244830536456942,0.8382853628686115,1.0470675948469375
4,2,0.9667343471974768,0.9670578091186447,0.983367093158143,0.9755603270284211,6,1000,False,0.09383161428813218,0.09376920178133155,6.241250680048827e-05,0.09662826084609705,0.09422953712984271,0.09668091608579321,0.09301937901255948,0.082216028698595,0.011553173082736795,0.08072440785467053,0.012198875446668813,0.0929232833013393,0.8687210028178918,8.912676088648086e-05,0.0001603687922581415,0.0005543013910009346,0.09406916833758457,0.017404316108764403,0.175957516062822,-0.06363459145758406,0.06471574471372131,0.07740785252099158,0.11389115474594291,-0.013798695850709919,0.014869516213366296,0.09376920178133155,0.09383161428813218,0.082216028698595,0.011553173082736795,0.09662826084609705,0.22135589492096142,0.25456510873381755,0.22135589492096142,0.25456510873381755,0.22135589492096142,0.25456510873381755,0.16530311219999705,0.23172153982570937
4,3,0.9729615451175121,0.972942156226226,0.9863750998472675,0.9941694657028706,6,1000,False,0.024233661786543795,0.024201647280049934,3.201450649383382e-05,0.02465033893172949,0.024370800396784163,0.026015470412925894,0.024759584768192948,0.02100854249238721,0.003193104787662768,0.02066150689739768,0.0034252194282619365,0.02408672632565961,0.857796390345788,-3.358276841004384e-06,0.00010765330642443375,0.0004053363547056402,0.02426314709035973,-0.043913345850989806,0.0959442866768416,-0.06373123104194511,0.06451703978949436,0.010742571415903512,0.04056072671664879,-0.01394302705739392,0.014724756707437336,0.024201647280049934,0.024233661786543795,0.02100854249238721,0.003193104787662768,0.02465033893172949,0.03925891288055676,0.03716108217947152,0.03925891288055676,0.03716108217947152,0.03925891288055676,0.03716108217947152,0.07801222001925943,0.09049219054707273
