n_cal,method,action,mean_width,accepted_fraction,accepted_test_mean,geometry_raw_mae,direct_train_raw_mae,direct_cal_raw_mae
32,bernstein,unaligned,2.0,0.0,,0.0012102029427762558,0.001239860250805197,0.013919351956466758
32,bernstein,aligned,2.0,0.0,,0.0012102029427762558,0.001239860250805197,0.013919351956466758
32,betting,unaligned,0.6820192220817262,0.0,,0.0012102029427762558,0.001239860250805197,0.013919351956466758
32,betting,aligned,0.6811743366382871,0.0,,0.0012102029427762558,0.001239860250805197,0.013919351956466758
64,bernstein,unaligned,1.9277388607994557,0.0,,0.0012102029427762558,0.001239860250805197,0.013312139847341819
64,bernstein,aligned,1.8990575574006676,0.0,,0.0012102029427762558,0.001239860250805197,0.013312139847341819
64,betting,unaligned,0.3789638625239604,0.0,,0.0012102029427762558,0.001239860250805197,0.013312139847341819
64,betting,aligned,0.3780617378801253,0.0,,0.0012102029427762558,0.001239860250805197,0.013312139847341819
128,bernstein,unaligned,0.9664953668660166,0.0,,0.0012102029427762558,0.001239860250805197,0.0053917264801595175
128,bernstein,aligned,0.9450183577301214,0.0,,0.0012102029427762558,0.001239860250805197,0.0053917264801595175
128,betting,unaligned,0.20089188609053962,0.0,,0.0012102029427762558,0.001239860250805197,0.0053917264801595175
128,betting,aligned,0.19986213259908253,0.0,,0.0012102029427762558,0.001239860250805197,0.0053917264801595175
256,bernstein,unaligned,0.4869357919351504,0.0,,0.0012102029427762558,0.001239860250805197,0.00291853101064791
256,bernstein,aligned,0.4721449260825935,0.0,,0.0012102029427762558,0.001239860250805197,0.00291853101064791
256,betting,unaligned,0.10390299407117709,0.0,,0.0012102029427762558,0.001239860250805197,0.00291853101064791
256,betting,aligned,0.10287636939319782,0.0,,0.0012102029427762558,0.001239860250805197,0.00291853101064791
512,bernstein,unaligned,0.24698085172560375,0.0,,0.0012102029427762558,0.001239860250805197,0.001627661400577473
512,bernstein,aligned,0.23654571363295318,0.0,,0.0012102029427762558,0.001239860250805197,0.001627661400577473
512,betting,unaligned,0.05325708573109296,0.0,,0.0012102029427762558,0.001239860250805197,0.001627661400577473
512,betting,aligned,0.052227338769080235,0.0,,0.0012102029427762558,0.001239860250805197,0.001627661400577473
800,bernstein,unaligned,0.1598087964761835,0.0,,0.0012102029427762558,0.001239860250805197,0.000872083120865809
800,bernstein,aligned,0.15177601840405136,0.0,,0.0012102029427762558,0.001239860250805197,0.000872083120865809
800,betting,unaligned,0.03458926928360597,0.4,0.0011646914659222919,0.0012102029427762558,0.001239860250805197,0.000872083120865809
800,betting,aligned,0.03362528222569381,1.0,0.000635926404225241,0.0012102029427762558,0.001239860250805197,0.000872083120865809
