job,protocol,repeat,n_pairs,mean_raw_difference,median_raw_difference,p90_raw_difference,mean_clipped_difference,mean_component_fraction,aligned_raw_mean,geometry_mae,training_direct_mae,calibration_direct_mae,bernstein_width,betting_width,betting_acceptance,mean_training_clip_fraction,mean_reference_test_mse,study,k,ridge,n_train
gpt2_sst2,sensitivity_k32_ridge0.0001,0,132,0.14942392706793842,0.10892157258758484,0.33446130872217367,0.07682435400660613,0.00014787943448961146,0.005487855325571538,0.006305606982779692,0.006307854338786162,0.008615144039660922,0.07588250073060016,0.041496980308775994,0.07575757575757576,0.0,0.19160493231874773,dimension_ridge,32,0.0001,12000
gpt2_sst2,sensitivity_k32_ridge0.001,0,132,0.1390339689816506,0.10487215748292428,0.3183379321527331,0.07412533721630961,0.00015181849975244292,0.005559863510420947,0.006100494873033473,0.006115353374749928,0.008277780394513101,0.07505926817834802,0.04070593106249968,0.08333333333333333,0.0,0.19162191777406834,dimension_ridge,32,0.001,12000
gpt2_sst2,sensitivity_k32_ridge0.01,0,132,0.08321232358954755,0.07064567120619372,0.15794302906939844,0.054985334358835666,0.00015025421818354564,0.005906141082602099,0.005070157428367477,0.004916367220862834,0.006353629782130624,0.06866814779635008,0.0345587370770359,0.09848484848484848,0.0,0.19215180728599,dimension_ridge,32,0.01,12000
gpt2_sst2,sensitivity_k32_ridge0.1,0,132,0.017301331142773758,0.015269561448229843,0.0330323611904894,0.01663305332733252,0.0001371948899819785,0.0053469832572460955,0.004352741064196645,0.002742952691093559,0.0035538924307709704,0.05101003456021569,0.01781587284803567,0.4166666666666667,0.0,0.19946584411526666,dimension_ridge,32,0.1,12000
gpt2_sst2,sensitivity_k64_ridge0.0001,0,132,0.18253738488151774,0.15208112062177648,0.3771611864916607,0.09082865489593409,0.00037361454621924006,0.004509551583277975,0.00602262295901498,0.00600634720746341,0.008751502960330606,0.07874960214856752,0.04426805229564762,0.03787878787878788,0.0,0.16845843274725703,dimension_ridge,64,0.0001,12000
gpt2_sst2,sensitivity_k64_ridge0.001,0,132,0.1684630393729797,0.14239019375352308,0.3388328496855464,0.08696957247062227,0.00038453438193547214,0.004647273888978613,0.005903085748022631,0.005758117279653547,0.008314821146806336,0.07762206402398864,0.043181816210176985,0.045454545454545456,0.0,0.1684077554302923,dimension_ridge,64,0.001,12000
gpt2_sst2,sensitivity_k64_ridge0.01,0,132,0.0964399123200119,0.08249816718533148,0.19912059886647965,0.06160253155216991,0.00046930107470013885,0.005410743014642884,0.004972636804420939,0.004140610337004116,0.005857876276734019,0.06948253550229501,0.035341761019508616,0.08333333333333333,0.0,0.16850613067505446,dimension_ridge,64,0.01,12000
gpt2_sst2,sensitivity_k64_ridge0.1,0,132,0.020320463248766903,0.01710990991338886,0.03990528412149995,0.018881619656386555,0.0005245189709153473,0.006447841204629415,0.003927912089418789,0.0018262123901304646,0.0023918876212545084,0.050719432950444156,0.017539213640151447,0.4090909090909091,0.0,0.17451405181931803,dimension_ridge,64,0.1,12000
gpt2_sst2,sensitivity_k128_ridge0.0001,0,132,0.20526695033904369,0.1493022288582798,0.4352422650511616,0.09819773500681143,0.00041851948618786634,0.005152831285087499,0.006399485186569323,0.006381232622466538,0.009602726645014471,0.07885356618092468,0.04437115246103283,0.030303030303030304,0.0,0.1580434633665865,dimension_ridge,128,0.0001,12000
gpt2_sst2,sensitivity_k128_ridge0.001,0,132,0.18763487809636598,0.1420086214533523,0.3822479883900871,0.09465759350191806,0.0004178450065823121,0.00528292275619387,0.006322914046458273,0.006124371144395851,0.009115683231014957,0.07786692266474811,0.043421254381731465,0.030303030303030304,0.0,0.15797844749345333,dimension_ridge,128,0.001,12000
gpt2_sst2,sensitivity_k128_ridge0.01,0,132,0.10625339738842898,0.0936641320878368,0.18428332312148285,0.07078524467396409,0.000373180209547637,0.0059592916582232695,0.005892014367501944,0.004615003583264529,0.006511151384149552,0.07069795122974296,0.03651652427100943,0.045454545454545456,0.0,0.157936699849189,dimension_ridge,128,0.01,12000
gpt2_sst2,sensitivity_k128_ridge0.1,0,132,0.026720937701334546,0.023941538034695467,0.05033351854517377,0.02578316431226302,0.0003450581503801276,0.006799010310753846,0.005050951588430751,0.0019999820800597466,0.0029662478043060107,0.052396740128879876,0.018992722074637477,0.32575757575757575,0.0,0.16220551239926329,dimension_ridge,128,0.1,12000
gpt2_sst2,sensitivity_k256_ridge0.0001,0,132,0.2872689938815217,0.1525724706016507,0.7260587640532411,0.11290329238342746,0.0003460055746353377,0.005401204758800145,0.008542147783202381,0.008538345416547369,0.00965356196679533,0.08225968190401516,0.047667526039566095,0.007575757575757576,0.0,0.1495681391316809,dimension_ridge,256,0.0001,12000
gpt2_sst2,sensitivity_k256_ridge0.001,0,132,0.2500485885338892,0.14611326581415476,0.6759823086529931,0.10869453408923262,0.0003492896812985004,0.005625696680597819,0.007801015754969025,0.007773099436030785,0.00921075205830117,0.08120213263398948,0.04664923328715359,0.007575757575757576,0.0,0.14942190329216717,dimension_ridge,256,0.001,12000
gpt2_sst2,sensitivity_k256_ridge0.01,0,132,0.13054718790766612,0.10486176697766514,0.2733690423208864,0.0828514948796999,0.000353340468315081,0.006575441867907756,0.005649332687396693,0.005299724600144884,0.006999120824129659,0.07389693010186948,0.03961132833181623,0.03787878787878788,0.0,0.14916017599558837,dimension_ridge,256,0.01,12000
gpt2_sst2,sensitivity_k256_ridge0.1,0,132,0.036304571467771544,0.03129837806555781,0.0683480833856541,0.034989948860678195,0.00032497686486942417,0.007203275646553977,0.0053178885466897115,0.002493823308350235,0.0035996630471380646,0.055586089487727995,0.022002685752423447,0.1590909090909091,0.0,0.15293299880871886,dimension_ridge,256,0.1,12000
gpt2_sst2,n_sweep_512,0,132,0.04061500336546457,0.03476440686437565,0.07254293147078944,0.03575598794467953,0.00048061753001683025,0.00658710057254738,0.011389478180923309,0.0192235652339371,0.0030826320080348767,0.06300495687339382,0.029102759493098623,0.13636363636363635,0.0,0.1808121131668443,training_size,128,gcv,512
gpt2_sst2,n_sweep_1500,0,132,0.13852197564936616,0.052982353383384403,0.4064260688264934,0.06690095832193,0.00033016424305695085,0.005212387011301459,0.009074121564194642,0.012114751694921162,0.005450189109499846,0.07077131836862272,0.036607278918657386,0.06060606060606061,0.0,0.1669487753138071,training_size,128,gcv,1500
gpt2_sst2,n_sweep_3000,0,132,0.1500104099541632,0.12897061229755818,0.3063535853385345,0.08713794880628477,0.000866230580244092,0.0051430525257345015,0.007039398109610225,0.007315611938251774,0.005069405032927664,0.07751861063172938,0.043097747795675816,0.022727272727272728,0.0,0.1607095011583081,training_size,128,gcv,3000
gpt2_sst2,n_sweep_6000,0,132,0.11337325349876475,0.09826974543701698,0.2043307892706361,0.07497945361522244,0.00044416946698511237,0.006133711959687663,0.0044081593587882014,0.00427454994833063,0.003935528029728422,0.07242596999505063,0.038209390272062264,0.045454545454545456,0.0,0.15718987950485405,training_size,128,gcv,6000
gpt2_sst2,n_sweep_12000,0,132,0.18311554264027413,0.12278881799828123,0.4061209490649494,0.09245568258036671,0.0006641765031037581,0.006514140621131986,0.0049352599653358226,0.004899726873425995,0.004824596030034617,0.0771940128340798,0.042788583705480436,0.015151515151515152,0.0,0.15526520867361457,training_size,128,gcv,12000
gpt2_sst2,exclude_final_block,0,110,0.18925166511915495,0.10939612204554644,0.43067969857048977,0.08854534055055452,0.00037481074187371654,0.005244334321975159,0.005262107636388428,0.00506852263573253,0.008551713833542269,0.07520057885894747,0.04136418651112101,0.045454545454545456,0.0,0.15950446837107835,final_block,128,gcv,12000
