signal,n,empirical_sd,theoretical_sd,empirical_bias,theoretical_bias
0.0,128,0.03160707144829759,0.03125,0.06339260793606519,0.0625
0.0,512,0.007894083145829385,0.0078125,0.015711913773745128,0.015625
0.0,2048,0.001997877348544263,0.001953125,0.003953005572141298,0.00390625
0.0,8192,0.0004837633790098491,0.00048828125,0.0009815781345421117,0.0009765625
0.05,128,0.03224663865041215,0.03247595264191645,0.06231747518212144,0.0625
0.05,512,0.009231142100622812,0.00897587913521567,0.015795656946033708,0.015625
0.05,2048,0.0029762908771110747,0.002949154076277637,0.003900217282527013,0.00390625
0.05,8192,0.0012127121201159715,0.001207941101255174,0.0010094692727867934,0.0009765625
0.5,128,0.0937454067990373,0.09375,0.06140759908578852,0.0625
0.5,512,0.04526643218515261,0.04487939567607835,0.01492165361898895,0.015625
0.5,2048,0.02199460976106314,0.02218323572578232,0.004296306287061735,0.00390625
0.5,8192,0.0110852815210537,0.011059327786041137,0.0010024377411034235,0.0009765625
