experiment,metric,raw_dissimilarity_spearman,common_symmetric_MAE_floor,scope
synthetic_shared_raw,cka,0.8271757008091533,0.3154405157172853,floor excludes directional learned calibrators; diagonal domain pairs excluded
synthetic_shared_raw,cca_shared,0.8392512584851992,0.3154405157172853,floor excludes directional learned calibrators; diagonal domain pairs excluded
synthetic_shared_raw,procrustes_shared,0.8392512584851992,0.3154405157172853,floor excludes directional learned calibrators; diagonal domain pairs excluded
synthetic_shared_raw,probe_cosine,0.772835691266946,,floor excludes directional learned calibrators; diagonal domain pairs excluded
gpt2_sst2__shared_raw,cka,0.40797029944605134,10.963572494036416,floor excludes directional learned calibrators; diagonal domain pairs excluded
gpt2_sst2__shared_raw,cca_shared,0.405173337479063,10.963572494036416,floor excludes directional learned calibrators; diagonal domain pairs excluded
gpt2_sst2__shared_raw,procrustes_shared,0.4087008492135483,10.963572494036416,floor excludes directional learned calibrators; diagonal domain pairs excluded
gpt2_sst2__shared_raw,probe_cosine,0.39960028639558615,,floor excludes directional learned calibrators; diagonal domain pairs excluded
gpt2_sst2__shared_rms,cka,0.5400536974095013,0.08280259931762611,floor excludes directional learned calibrators; diagonal domain pairs excluded
gpt2_sst2__shared_rms,cca_shared,0.5856608757518115,0.08280259931762611,floor excludes directional learned calibrators; diagonal domain pairs excluded
gpt2_sst2__shared_rms,procrustes_shared,0.5871115388615554,0.08280259931762611,floor excludes directional learned calibrators; diagonal domain pairs excluded
gpt2_sst2__shared_rms,probe_cosine,0.5585261701019244,,floor excludes directional learned calibrators; diagonal domain pairs excluded
gpt2_agnews__shared_raw,cka,0.6145175915679413,3.185018649916183,floor excludes directional learned calibrators; diagonal domain pairs excluded
gpt2_agnews__shared_raw,cca_shared,0.6477158602880531,3.185018649916183,floor excludes directional learned calibrators; diagonal domain pairs excluded
gpt2_agnews__shared_raw,procrustes_shared,0.6475384410588038,3.185018649916183,floor excludes directional learned calibrators; diagonal domain pairs excluded
gpt2_agnews__shared_raw,probe_cosine,0.5962121016795175,,floor excludes directional learned calibrators; diagonal domain pairs excluded
gpt2_agnews__shared_rms,cka,0.4869949114387223,0.05386891385244198,floor excludes directional learned calibrators; diagonal domain pairs excluded
gpt2_agnews__shared_rms,cca_shared,0.751005160986873,0.05386891385244198,floor excludes directional learned calibrators; diagonal domain pairs excluded
gpt2_agnews__shared_rms,procrustes_shared,0.7561816279108513,0.05386891385244198,floor excludes directional learned calibrators; diagonal domain pairs excluded
gpt2_agnews__shared_rms,probe_cosine,0.7665345617588083,,floor excludes directional learned calibrators; diagonal domain pairs excluded
gpt2_cola__shared_raw,cka,0.5986020430617576,0.32410894239420673,floor excludes directional learned calibrators; diagonal domain pairs excluded
gpt2_cola__shared_raw,cca_shared,0.24565257753347716,0.32410894239420673,floor excludes directional learned calibrators; diagonal domain pairs excluded
gpt2_cola__shared_raw,procrustes_shared,0.25095428156045513,0.32410894239420673,floor excludes directional learned calibrators; diagonal domain pairs excluded
gpt2_cola__shared_raw,probe_cosine,0.1713556661790365,,floor excludes directional learned calibrators; diagonal domain pairs excluded
gpt2_cola__shared_rms,cka,0.8181948667460933,0.0036736456690986585,floor excludes directional learned calibrators; diagonal domain pairs excluded
gpt2_cola__shared_rms,cca_shared,0.6862888880118925,0.0036736456690986585,floor excludes directional learned calibrators; diagonal domain pairs excluded
gpt2_cola__shared_rms,procrustes_shared,0.6761446826689348,0.0036736456690986585,floor excludes directional learned calibrators; diagonal domain pairs excluded
gpt2_cola__shared_rms,probe_cosine,0.6645498142162329,,floor excludes directional learned calibrators; diagonal domain pairs excluded
pythia_sst2__shared_raw,cka,0.48010687077375097,2.089414261864742,floor excludes directional learned calibrators; diagonal domain pairs excluded
pythia_sst2__shared_raw,cca_shared,0.36091245799399724,2.089414261864742,floor excludes directional learned calibrators; diagonal domain pairs excluded
pythia_sst2__shared_raw,procrustes_shared,0.3692302889182126,2.089414261864742,floor excludes directional learned calibrators; diagonal domain pairs excluded
pythia_sst2__shared_raw,probe_cosine,0.2990870748132547,,floor excludes directional learned calibrators; diagonal domain pairs excluded
pythia_sst2__shared_rms,cka,0.5287406124385484,0.04660721834528509,floor excludes directional learned calibrators; diagonal domain pairs excluded
pythia_sst2__shared_rms,cca_shared,0.6256010751833952,0.04660721834528509,floor excludes directional learned calibrators; diagonal domain pairs excluded
pythia_sst2__shared_rms,procrustes_shared,0.623962556419152,0.04660721834528509,floor excludes directional learned calibrators; diagonal domain pairs excluded
pythia_sst2__shared_rms,probe_cosine,0.5872680852403047,,floor excludes directional learned calibrators; diagonal domain pairs excluded
bert_sst2__shared_raw,cka,0.3039608854049844,11.77955974339681,floor excludes directional learned calibrators; diagonal domain pairs excluded
bert_sst2__shared_raw,cca_shared,0.5875811779978035,11.77955974339681,floor excludes directional learned calibrators; diagonal domain pairs excluded
bert_sst2__shared_raw,procrustes_shared,0.5843667590208168,11.77955974339681,floor excludes directional learned calibrators; diagonal domain pairs excluded
bert_sst2__shared_raw,probe_cosine,0.5633895442684042,,floor excludes directional learned calibrators; diagonal domain pairs excluded
bert_sst2__shared_rms,cka,0.2583537070626743,0.266351515890245,floor excludes directional learned calibrators; diagonal domain pairs excluded
bert_sst2__shared_rms,cca_shared,0.619140927953672,0.266351515890245,floor excludes directional learned calibrators; diagonal domain pairs excluded
bert_sst2__shared_rms,procrustes_shared,0.6206229003391659,0.266351515890245,floor excludes directional learned calibrators; diagonal domain pairs excluded
bert_sst2__shared_rms,probe_cosine,0.6286902570573822,,floor excludes directional learned calibrators; diagonal domain pairs excluded
gpt2_medium_sst2__shared_raw,cka,0.3496515551492942,44.71800759867938,floor excludes directional learned calibrators; diagonal domain pairs excluded
gpt2_medium_sst2__shared_raw,cca_shared,0.36023409035275,44.71800759867938,floor excludes directional learned calibrators; diagonal domain pairs excluded
gpt2_medium_sst2__shared_raw,procrustes_shared,0.3626344681602401,44.71800759867938,floor excludes directional learned calibrators; diagonal domain pairs excluded
gpt2_medium_sst2__shared_raw,probe_cosine,0.36686122038647245,,floor excludes directional learned calibrators; diagonal domain pairs excluded
gpt2_medium_sst2__shared_rms,cka,0.7614415862368296,0.10930241503252841,floor excludes directional learned calibrators; diagonal domain pairs excluded
gpt2_medium_sst2__shared_rms,cca_shared,0.7788077978527572,0.10930241503252841,floor excludes directional learned calibrators; diagonal domain pairs excluded
gpt2_medium_sst2__shared_rms,procrustes_shared,0.7828466944244905,0.10930241503252841,floor excludes directional learned calibrators; diagonal domain pairs excluded
gpt2_medium_sst2__shared_rms,probe_cosine,0.7810829385572478,,floor excludes directional learned calibrators; diagonal domain pairs excluded
gpt2_allocine__shared_raw,cka,0.53555559812677,0.10044777407108106,floor excludes directional learned calibrators; diagonal domain pairs excluded
gpt2_allocine__shared_raw,cca_shared,0.554549892081691,0.10044777407108106,floor excludes directional learned calibrators; diagonal domain pairs excluded
gpt2_allocine__shared_raw,procrustes_shared,0.5570963798426803,0.10044777407108106,floor excludes directional learned calibrators; diagonal domain pairs excluded
gpt2_allocine__shared_raw,probe_cosine,0.5500935384999596,,floor excludes directional learned calibrators; diagonal domain pairs excluded
gpt2_allocine__shared_rms,cka,0.8983779219415094,0.0038249270517905767,floor excludes directional learned calibrators; diagonal domain pairs excluded
gpt2_allocine__shared_rms,cca_shared,0.8204908803010836,0.0038249270517905767,floor excludes directional learned calibrators; diagonal domain pairs excluded
gpt2_allocine__shared_rms,procrustes_shared,0.8137489495896116,0.0038249270517905767,floor excludes directional learned calibrators; diagonal domain pairs excluded
gpt2_allocine__shared_rms,probe_cosine,0.7478324877108863,,floor excludes directional learned calibrators; diagonal domain pairs excluded
gpt2_nll__shared_raw,cka,0.47527480588302107,0.6874365119030896,floor excludes directional learned calibrators; diagonal domain pairs excluded
gpt2_nll__shared_raw,cca_shared,0.6243173948776506,0.6874365119030896,floor excludes directional learned calibrators; diagonal domain pairs excluded
gpt2_nll__shared_raw,procrustes_shared,0.6288885491371314,0.6874365119030896,floor excludes directional learned calibrators; diagonal domain pairs excluded
gpt2_nll__shared_raw,probe_cosine,0.6608031375514986,,floor excludes directional learned calibrators; diagonal domain pairs excluded
gpt2_nll__shared_rms,cka,0.6572338801160135,0.17782405991651026,floor excludes directional learned calibrators; diagonal domain pairs excluded
gpt2_nll__shared_rms,cca_shared,0.5772908627013463,0.17782405991651026,floor excludes directional learned calibrators; diagonal domain pairs excluded
gpt2_nll__shared_rms,procrustes_shared,0.5823629653728252,0.17782405991651026,floor excludes directional learned calibrators; diagonal domain pairs excluded
gpt2_nll__shared_rms,probe_cosine,0.591306981812038,,floor excludes directional learned calibrators; diagonal domain pairs excluded
