job,protocol,repeat,n_pairs,mean_raw_difference,median_raw_difference,p90_raw_difference,mean_clipped_difference,mean_component_fraction,aligned_raw_mean,geometry_mae,training_direct_mae,calibration_direct_mae,bernstein_width,betting_width,betting_acceptance,mean_training_clip_fraction,mean_reference_test_mse
sst2_to_imdb,native_raw,0,144,14.93367833712114,1.6841123709324468,30.650077068706747,0.2048467985626513,0.14575761056628606,2.009699470878527,0.31911100356929917,0.31992799774402153,0.34690892096155523,0.11753215462387473,0.07828795206776501,0.0,0.0,0.20796929534490952
sst2_to_imdb,shared_raw,0,144,17.845916637279707,1.0376570430728829,15.957009346987395,0.1991100108794877,0.6439443695852998,0.8196015967661815,0.1796503943685535,0.1763428034617402,0.27074398624996165,0.11536223496098968,0.07614022134218128,0.0,0.0,0.22189936781446404
sst2_to_imdb,shared_rms,0,144,1.681223147809753,0.9354815044556021,3.4690529938250902,0.18360843898046836,0.6275637959033834,0.8498530763740959,0.026136579510106894,0.027381428623835406,0.05892800700064246,0.11165097677682453,0.07257983093798732,0.0,0.0,0.2214130251970257
sst2_to_imdb,native_raw,1,144,11.010850493340572,1.8426466362499088,25.264335016636593,0.19939329892969765,0.13265682893277783,2.113401064434571,0.2598229847568634,0.26072897596399186,0.49325876329078155,0.116530439057538,0.07732138321534876,0.0,0.0,0.2116021773676361
sst2_to_imdb,shared_raw,1,144,16.237572806474795,0.7951057676098385,14.111583807225374,0.19159074524127834,0.5043117607571967,0.7304081709862519,0.34473974063299545,0.3467781647063675,0.39378468030951835,0.11416206652702021,0.07499310702769435,0.0,0.0,0.22650379360858333
sst2_to_imdb,shared_rms,1,144,1.3817669546022475,0.7828186141030179,2.5987890454289446,0.16906283178236667,0.4666352418612527,0.6334880771606827,0.023530724812617716,0.024333526002349948,0.04062759283510431,0.10968755715462307,0.07068329911675796,0.0,0.0,0.2258101924671531
sst2_to_imdb,native_raw,2,144,20.31318621847303,1.7625733612364498,43.80849064608123,0.2060441619028189,0.08880816044148163,2.95024840249713,0.37527225208076903,0.37770052741711485,0.2647170714001636,0.11659288359188331,0.07739266669983004,0.0,0.0,0.20650518116713576
sst2_to_imdb,shared_raw,2,144,12.232039188996518,0.9430418149646653,15.492327719137075,0.18998158709157062,0.6286050280532296,0.814909977121414,0.16354041891354065,0.16668057922651802,0.16217954372271803,0.11551030510166127,0.0762834122010645,0.0,0.0,0.22067136584624822
sst2_to_imdb,shared_rms,2,144,1.6252919094270344,1.0007697269833513,4.233708221352129,0.17978367494248398,0.5940072123609226,0.7646070588815238,0.02484516379052948,0.0285436572958363,0.026862051345161238,0.1124832213648385,0.07337473043526188,0.0,0.0,0.2211382952606128
sst2_to_allocine,native_raw,0,144,12.696525683407629,1.4845216053098598,22.922966694691794,0.1978896166822768,0.21714070124004772,2.239665022176934,0.20079705093702394,0.20205759694962577,0.3261008568052805,0.11897854259980425,0.07965276820323197,0.0,0.0,0.24102382243735473
sst2_to_allocine,shared_raw,0,144,18.756089065161582,0.8549206236539877,12.428729459929999,0.20337067456697389,0.6474021190435235,0.8207556200573293,0.06732062670253242,0.06892305393896685,0.1227984644125407,0.11920508354348944,0.07981756405206397,0.0,0.0,0.24585349274051885
sst2_to_allocine,shared_rms,0,144,1.720707848090519,0.6757688729485022,4.084867784215583,0.1812188794581536,0.5732786558711012,0.8512274534805173,0.027181571658549945,0.028035218350590932,0.027617732148520594,0.11488548851062497,0.07566429972919447,0.0,0.0,0.24494572958211777
sst2_to_allocine,native_raw,1,144,10.805399704828009,1.9172092343273013,21.881509578164316,0.20689480725522053,0.3642182860348011,2.491207859031661,0.12478915899992025,0.12769103837364618,0.23451149079567482,0.12030890830602929,0.08092590161848218,0.0,0.0,0.23764091407476898
sst2_to_allocine,shared_raw,1,144,16.77082490402364,0.6875756243448077,8.60048910599116,0.2005238564468573,0.4924082938863239,0.6741456434631805,0.23689041566965396,0.23665305577847887,0.17617701599685298,0.11782378090996032,0.07849554663936134,0.0,0.0,0.24381601342765294
sst2_to_allocine,shared_rms,1,144,1.5083854081600816,0.6275849137665224,3.343392381001733,0.18057961443917228,0.5186212648733819,0.6370710474699715,0.02940964362059162,0.030056640729118362,0.020966670675884105,0.11416144659592249,0.07497347643847105,0.0,0.0,0.24370268395796732
sst2_to_allocine,native_raw,2,144,17.43197586560781,1.7212600672260425,32.9821602990924,0.20763367005057112,0.27695181813437497,3.7589992871295217,0.47872283326291626,0.4778481570923515,0.6378412079079129,0.11928598213839771,0.0799354947614827,0.0,0.0,0.2390761951742855
sst2_to_allocine,shared_raw,2,144,11.312610900778658,0.8259603982030221,8.714614833870893,0.2074844497651815,0.6009894561266693,0.7687914141523036,0.15122213815381955,0.1516610213272703,0.2711868923118047,0.11768607786464264,0.07835697162954602,0.0,0.0,0.24356003012505112
sst2_to_allocine,shared_rms,2,144,1.6649182362855433,0.780679612744874,4.48478196356153,0.19367031201880291,0.6536375864200418,0.7240271091367768,0.02906057834960145,0.029178102155622776,0.07141973950422174,0.1153288560679828,0.07609453648420741,0.0,0.0,0.2430298287558864
