scale,cka,risk
0.01,0.0021738475339658438,11236.209999999997
0.011937766417144363,0.0021738475339658433,7875.851895010956
0.014251026703029978,0.0021738475339658446,5519.288328793713
0.017012542798525893,0.0021738475339658433,3866.861940026647
0.020309176209047358,0.002173847533965846,2708.339230460108
0.024244620170823284,0.0021738475339658403,1896.2297273828574
0.028942661247167517,0.002173847533965845,1327.0649184519227
0.0345510729459222,0.002173847533965845,928.2624300789826
0.04124626382901352,0.0021738475339658433,648.9092592577382
0.04923882631706739,0.0021738475339658477,453.2949084940625
0.058780160722749115,0.002173847533965846,316.3740447019365
0.07017038286703829,0.0021738475339658416,220.58303407229587
0.0837677640068292,0.002173847533965843,153.60643123726632
0.1,0.002173847533965844,106.80999999999999
0.1193776641714437,0.0021738475339658446,74.14139574331612
0.14251026703029984,0.00217384753396584,51.35896923479567
0.17012542798525893,0.0021738475339658455,35.49078214263612
0.20309176209047358,0.0021738475339658455,24.455135908737994
0.24244620170823283,0.0021738475339658425,16.79441247727739
0.28942661247167517,0.0021738475339658464,11.488407382834106
0.345510729459222,0.002173847533965843,7.823427012952975
0.4124626382901352,0.0021738475339658446,5.300502470737961
0.49238826317067413,0.002173847533965843,3.5710405352994936
0.5878016072274915,0.0021738475339658416,2.3917179818242698
0.701703828670383,0.0021738475339658477,1.5928712026284322
0.837677640068292,0.0021738475339658477,1.056348966745148
1.0,0.0021738475339658464,0.7
1.1937766417144369,0.002173847533965847,0.4668116367538253
1.4251026703029992,0.002173847533965844,0.3173082870338161
1.7012542798525891,0.0021738475339658446,0.2242340956633263
2.0309176209047366,0.0021738475339658477,0.1688357195010717
2.424462017082328,0.0021738475339658433,0.13826564511765607
2.8942661247167516,0.0021738475339658416,0.1237698936598293
3.4551072945922217,0.002173847533965842,0.11942454134584493
4.1246263829013525,0.002173847533965841,0.1212560125234375
4.923882631706742,0.0021738475339658416,0.1266295503888822
5.878016072274912,0.0021738475339658433,0.1338249332987336
7.01703828670383,0.002173847533965846,0.14174279821683164
8.376776400682925,0.0021738475339658403,0.1497019551047
10.0,0.002173847533965845,0.15730000000000002
