method,mae,median_absolute_error,p90_absolute_error,spearman,assessment_labels,probe_training_labels,n_pairs,protocol
training_geometry,0.006363635109261854,0.0023414487941845613,0.015212170587747603,0.9969924812030074,0,1000,20,native_raw
direct_training,0.006321552049703164,0.002299853133712268,0.015019029004233358,0.9969924812030074,0,1000,20,native_raw
mean_only,0.039009380466409185,0.016615023211233593,0.08183720665342865,0.9954887218045112,0,1000,20,native_raw
variance_only,0.4266722688208019,0.18421737287067821,0.8975765836258904,0.9879699248120299,0,1000,20,native_raw
direct_calibration,0.011906936278772817,0.00463655324424439,0.026469447254277,0.9969924812030074,800,1000,20,native_raw
cka_common,0.46060485880286234,0.3285083288983406,0.7324734091266907,0.49939234330394705,800,1000,20,native_raw
cka_held_target,0.59179754719068,0.531625633275701,1.026662211063558,0.26712622197060165,800,1000,20,native_raw
cca_shared_common,0.4606048588028623,0.31030353528679533,0.7324734091266907,0.4472260490607713,800,1000,20,native_raw
cca_shared_held_target,0.5929413203675207,0.4885974949865022,1.030295267077063,0.23004637812765694,800,1000,20,native_raw
procrustes_shared_common,0.4606048588028623,0.31030353528679533,0.7324734091266907,0.4472260490607713,800,1000,20,native_raw
procrustes_shared_held_target,0.5929413203675207,0.4885974949865022,1.030295267077063,0.23004637812765694,800,1000,20,native_raw
probe_cosine_common,0.33345236727351474,0.09852941841432131,1.0456079003253185,0.8196544575174142,800,1000,20,native_raw
probe_cosine_held_target,0.5300121835145616,0.12934756252936547,1.6277715150767753,0.6255178996620718,800,1000,20,native_raw
training_geometry,0.006110626369235168,0.0019165731389107835,0.014904184540552413,0.9984962406015038,0,1000,20,shared_raw
direct_training,0.0060749166639717965,0.0019368607292221188,0.014695344350552187,0.9984962406015038,0,1000,20,shared_raw
mean_only,0.03865498924961782,0.01637974782867413,0.08264987094298754,0.9969924812030074,0,1000,20,shared_raw
variance_only,0.4269901043234377,0.18400353026644056,0.9003402772620517,0.9894736842105262,0,1000,20,shared_raw
direct_calibration,0.011330075549935523,0.0050184443238687065,0.022942979132119023,0.9984962406015038,800,1000,20,shared_raw
cka_common,0.31767858692175055,0.08320182444064288,1.0467090373365457,0.8710059050325648,800,1000,20,shared_raw
cka_held_target,0.5320282192086285,0.1333403967347062,1.5027168592933338,0.7369218095898534,800,1000,20,shared_raw
cca_shared_common,0.31767858692175055,0.10643947268046622,0.8559004497638341,0.8744068814985136,800,1000,20,shared_raw
cca_shared_held_target,0.5648295391226492,0.1333403967347062,1.6634829437645948,0.756207889016277,800,1000,20,shared_raw
procrustes_shared_common,0.31767858692175055,0.10643947268046622,0.8559004497638341,0.8744068814985136,800,1000,20,shared_raw
procrustes_shared_held_target,0.5648295391226492,0.1333403967347062,1.6634829437645948,0.756207889016277,800,1000,20,shared_raw
probe_cosine_common,0.324538889123826,0.0687117715633278,1.0467090373365457,0.8303369784618209,800,1000,20,shared_raw
probe_cosine_held_target,0.5338083283503977,0.1443180738253273,1.5740366215816477,0.6252365136261184,800,1000,20,shared_raw
training_geometry,0.006717335445248135,0.002645122108766191,0.015525779133376515,0.8977443609022555,0,1000,20,shared_center
direct_training,0.006317024632078753,0.0023424703749517556,0.014873685209359503,0.9127819548872179,0,1000,20,shared_center
mean_only,0.018465613216998498,0.009525317549721687,0.036288310141965666,,0,1000,20,shared_center
variance_only,0.006717335445248139,0.002645122108766191,0.015525779133376532,0.8977443609022555,0,1000,20,shared_center
direct_calibration,0.0060394586109169535,0.0018792872238009239,0.015610329370132781,0.9413533834586465,800,1000,20,shared_center
cka_common,0.009835277920739467,0.0029724511835913054,0.03243475899893069,0.9491730458228127,800,1000,20,shared_center
cka_held_target,0.02057443185147207,0.003620359097114819,0.06699461378291155,0.884876096998151,800,1000,20,shared_center
cca_shared_common,0.009835277920739467,0.0029724511835913054,0.03243475899893069,0.9491730458228127,800,1000,20,shared_center
cca_shared_held_target,0.02057443185147207,0.003620359097114819,0.06699461378291155,0.884876096998151,800,1000,20,shared_center
procrustes_shared_common,0.009835277920739467,0.0029724511835913054,0.03243475899893069,0.9491730458228127,800,1000,20,shared_center
procrustes_shared_held_target,0.02057443185147207,0.003620359097114819,0.06699461378291155,0.884876096998151,800,1000,20,shared_center
probe_cosine_common,0.009848262152267414,0.002498171645018074,0.03243475899893069,0.9523309594739838,800,1000,20,shared_center
probe_cosine_held_target,0.020656064470544508,0.004274531304349331,0.06699461378291155,0.8800301487331393,800,1000,20,shared_center
training_geometry,0.0012102029427762558,0.0008518346091691896,0.0024062331902987085,0.8766917293233082,0,1000,20,shared_rms
direct_training,0.001239860250805197,0.000864735969850465,0.002361327024218322,0.8736842105263156,0,1000,20,shared_rms
mean_only,0.005722212239998134,0.0036932144355227483,0.012434014366731503,,0,1000,20,shared_rms
variance_only,0.0012102029427762558,0.00085183460916919,0.002406233190298709,0.8766917293233082,0,1000,20,shared_rms
direct_calibration,0.000872083120865809,0.0006507485523203392,0.0019141935745319878,0.9639097744360902,800,1000,20,shared_rms
cka_common,0.0010737239894498484,0.0007938443318712408,0.0024643197013278625,0.9084238087192215,800,1000,20,shared_rms
cka_held_target,0.001319556913876752,0.0009771654860525458,0.002686604165937508,0.8541353383458646,800,1000,20,shared_rms
cca_shared_common,0.0010737239894498484,0.0007938443318712407,0.0024643197013278625,0.9112061239899002,800,1000,20,shared_rms
cca_shared_held_target,0.001307526335992884,0.0009300237710113222,0.002686604165937508,0.8634825732868752,800,1000,20,shared_rms
procrustes_shared_common,0.0010737239894498484,0.0007938443318712407,0.0024643197013278625,0.9112061239899002,800,1000,20,shared_rms
procrustes_shared_held_target,0.001307526335992884,0.0009300237710113222,0.002686604165937508,0.8634825732868752,800,1000,20,shared_rms
probe_cosine_common,0.0010737239894498484,0.0007938443318712407,0.0024643197013278625,0.9112061239899002,800,1000,20,shared_rms
probe_cosine_held_target,0.0012982017142213669,0.0009300237710113222,0.002686604165937508,0.8623027271767695,800,1000,20,shared_rms
training_geometry,0.0024436632535073176,0.0009939087770717003,0.006382269243451454,0.9954887218045112,0,1000,20,shared_unit
direct_training,0.0024302285647604775,0.0009724448142086131,0.006406805614146784,0.9954887218045112,0,1000,20,shared_unit
mean_only,0.009396158966846074,0.0058731857014123305,0.023407443830044655,0.993984962406015,0,1000,20,shared_unit
variance_only,0.106057349799494,0.05929721920229135,0.27973451957133805,0.875187969924812,0,1000,20,shared_unit
direct_calibration,0.004087705280569912,0.0026134188886076538,0.008694518921905094,0.993984962406015,800,1000,20,shared_unit
cka_common,0.016239255575639745,0.004556600861924949,0.05197890606643559,0.9841026139090921,800,1000,20,shared_unit
cka_held_target,0.032329998952290946,0.011319836954399205,0.10896926769885748,0.9522023382340805,800,1000,20,shared_unit
cca_shared_common,0.016239255575639745,0.004556600861924949,0.05197890606643559,0.9841026139090921,800,1000,20,shared_unit
cca_shared_held_target,0.032329998952290946,0.011319836954399205,0.10896926769885748,0.9522023382340805,800,1000,20,shared_unit
procrustes_shared_common,0.016239255575639745,0.004556600861924949,0.05197890606643559,0.9841026139090921,800,1000,20,shared_unit
procrustes_shared_held_target,0.032329998952290946,0.011319836954399205,0.10896926769885748,0.9522023382340805,800,1000,20,shared_unit
probe_cosine_common,0.030206244061253003,0.03120468042127232,0.06353436921735306,0.9456615588037405,800,1000,20,shared_unit
probe_cosine_held_target,0.04811449683815166,0.03791487794436811,0.11435308610206314,0.867243385888299,800,1000,20,shared_unit
training_geometry,0.006110626369235168,0.0019165731389107835,0.014904184540552413,0.9984962406015038,0,1000,20,shared_clip100
direct_training,0.0060749166639717965,0.0019368607292221188,0.014695344350552187,0.9984962406015038,0,1000,20,shared_clip100
mean_only,0.03865498924961782,0.01637974782867413,0.08264987094298754,0.9969924812030074,0,1000,20,shared_clip100
variance_only,0.4269901043234377,0.18400353026644056,0.9003402772620517,0.9894736842105262,0,1000,20,shared_clip100
direct_calibration,0.011330075549935523,0.0050184443238687065,0.022942979132119023,0.9984962406015038,800,1000,20,shared_clip100
cka_common,0.31767858692175055,0.08320182444064288,1.0467090373365457,0.8710059050325648,800,1000,20,shared_clip100
cka_held_target,0.5320282192086285,0.1333403967347062,1.5027168592933338,0.7369218095898534,800,1000,20,shared_clip100
cca_shared_common,0.31767858692175055,0.10643947268046622,0.8559004497638341,0.8744068814985136,800,1000,20,shared_clip100
cca_shared_held_target,0.5648295391226492,0.1333403967347062,1.6634829437645948,0.756207889016277,800,1000,20,shared_clip100
procrustes_shared_common,0.31767858692175055,0.10643947268046622,0.8559004497638341,0.8744068814985136,800,1000,20,shared_clip100
procrustes_shared_held_target,0.5648295391226492,0.1333403967347062,1.6634829437645948,0.756207889016277,800,1000,20,shared_clip100
probe_cosine_common,0.324538889123826,0.0687117715633278,1.0467090373365457,0.8303369784618209,800,1000,20,shared_clip100
probe_cosine_held_target,0.5338083283503977,0.1443180738253273,1.5740366215816477,0.6252365136261184,800,1000,20,shared_clip100
training_geometry,0.006110626369235168,0.0019165731389107835,0.014904184540552413,0.9984962406015038,0,1000,20,shared_clip300
direct_training,0.0060749166639717965,0.0019368607292221188,0.014695344350552187,0.9984962406015038,0,1000,20,shared_clip300
mean_only,0.03865498924961782,0.01637974782867413,0.08264987094298754,0.9969924812030074,0,1000,20,shared_clip300
variance_only,0.4269901043234377,0.18400353026644056,0.9003402772620517,0.9894736842105262,0,1000,20,shared_clip300
direct_calibration,0.011330075549935523,0.0050184443238687065,0.022942979132119023,0.9984962406015038,800,1000,20,shared_clip300
cka_common,0.31767858692175055,0.08320182444064288,1.0467090373365457,0.8710059050325648,800,1000,20,shared_clip300
cka_held_target,0.5320282192086285,0.1333403967347062,1.5027168592933338,0.7369218095898534,800,1000,20,shared_clip300
cca_shared_common,0.31767858692175055,0.10643947268046622,0.8559004497638341,0.8744068814985136,800,1000,20,shared_clip300
cca_shared_held_target,0.5648295391226492,0.1333403967347062,1.6634829437645948,0.756207889016277,800,1000,20,shared_clip300
procrustes_shared_common,0.31767858692175055,0.10643947268046622,0.8559004497638341,0.8744068814985136,800,1000,20,shared_clip300
procrustes_shared_held_target,0.5648295391226492,0.1333403967347062,1.6634829437645948,0.756207889016277,800,1000,20,shared_clip300
probe_cosine_common,0.324538889123826,0.0687117715633278,1.0467090373365457,0.8303369784618209,800,1000,20,shared_clip300
probe_cosine_held_target,0.5338083283503977,0.1443180738253273,1.5740366215816477,0.6252365136261184,800,1000,20,shared_clip300
training_geometry,0.003691387842716088,0.0024657818445850818,0.005880635942972817,0.9879699248120299,0,1000,20,separate_naive
direct_training,0.0033638217839308516,0.0019147842818904408,0.005352208469271355,0.9894736842105262,0,1000,20,separate_naive
mean_only,0.050366975860631845,0.03468335380599123,0.08725987369083724,,0,1000,20,separate_naive
variance_only,0.0036913878427160887,0.0024657818445850905,0.005880635942972811,0.9879699248120299,0,1000,20,separate_naive
direct_calibration,0.002853230175565878,0.0018990590452860725,0.007008019664873246,0.9774436090225563,800,1000,20,separate_naive
cka_common,0.03534107410185312,0.022125651305386716,0.07321145089477096,0.3179046597920641,800,1000,20,separate_naive
cka_held_target,0.04494551289994661,0.027557404968440495,0.09378645263890399,-0.18230288412876722,800,1000,20,separate_naive
cca_shared_common,0.03534107410185312,0.022125651305386716,0.07321145089477096,0.3179046597920641,800,1000,20,separate_naive
cca_shared_held_target,0.04494551289994661,0.027557404968440495,0.09378645263890399,-0.18230288412876722,800,1000,20,separate_naive
procrustes_shared_common,0.03534107410185312,0.022125651305386716,0.07321145089477096,0.3179046597920641,800,1000,20,separate_naive
procrustes_shared_held_target,0.04494551289994661,0.027557404968440495,0.09378645263890399,-0.18230288412876722,800,1000,20,separate_naive
probe_cosine_common,0.025813778266083148,0.012287925600631171,0.05708022543635888,0.8088097234646625,800,1000,20,separate_naive
probe_cosine_held_target,0.042472145039505145,0.01308363236705677,0.0827722959027968,0.5581930802372937,800,1000,20,separate_naive
training_geometry,0.016892149253664376,0.0036479031907030667,0.050405220433331434,0.9714285714285714,0,1000,20,separate_lift
direct_training,0.01117972867313505,0.0023420739468234496,0.030884239178450235,0.9864661654135337,0,1000,20,separate_lift
mean_only,0.01484731027584584,0.0070784749364741165,0.026711750296834917,0.956390977443609,0,1000,20,separate_lift
variance_only,0.07389602578181731,0.0213448221895104,0.14854590906428694,0.9729323308270676,0,1000,20,separate_lift
direct_calibration,0.01156307601276697,0.002533545732728128,0.03285562551880063,0.9894736842105262,800,1000,20,separate_lift
cka_common,0.09575156667765858,0.03377336952550765,0.25020421765109324,0.8411006059604,800,1000,20,separate_lift
cka_held_target,0.11579745661005267,0.016805080924136753,0.3310196642233053,0.6827447741251403,800,1000,20,separate_lift
cca_shared_common,0.09575156667765858,0.03377336952550765,0.25020421765109324,0.8411006059604,800,1000,20,separate_lift
cca_shared_held_target,0.11579745661005267,0.016805080924136753,0.3310196642233053,0.6827447741251403,800,1000,20,separate_lift
procrustes_shared_common,0.09575156667765858,0.03377336952550765,0.25020421765109324,0.8411006059604,800,1000,20,separate_lift
procrustes_shared_held_target,0.11579745661005267,0.016805080924136753,0.3310196642233053,0.6827447741251403,800,1000,20,separate_lift
probe_cosine_common,0.09429137144888808,0.06200451132220569,0.32034456847667364,0.24067834377630917,800,1000,20,separate_lift
probe_cosine_held_target,0.1396990387975449,0.06413022545438796,0.4269199764352505,-0.17920893095248158,800,1000,20,separate_lift
